page_id	ratings
19158860	Low
6607630	Low
8374655	Low
18351438	Low
20313015	Low
19775821	Low
48820237	Low
43619832	Low
5437395	Low
34461713	Low
18710	Low
49582905	Low
3172897	Low
940017	Low
2886435	Low
14587476	Low
6743158	Low
17003475	Low
30816003	Low
40479918	Low
503009	Low
15257013	Low
47429852	Low
42111572	Low
21799933	Low
25329617	Low
28462318	Low
3451166	Low
48160258	Low
20900378	Low
27814204	Low
14446820	Low
8216115	Low
5947232	Low
672186	Low,Low
33386360	Low
21365387	Low
40624057	Low
15426086	Low
51485055	Low
42630360	Low
50924044	Low
29462588	Low
26979316	Low
41904149	Low
1809066	Low,Low
16816355	Low
52733606	Low
45038562	Low
30984999	Low
25185187	Low
31993912	Low
2191566	Low
20000139	Low
49158421	Low
21243673	Low
31474000	Low
40216208	Low
37382724	Low
2799334	Low
7019543	Low
33225665	Low
37188774	Low
52130580	Low
24084320	Low
37552239	Low
1184035	Low
37301684	Low
47037862	Low
25459083	Low
8294723	Low
1014883	Low
10163422	Low
41726192	Low
49337059	Low
33466608	Low
51983260	Low
42315251	Low
1908571	Low
27353095	Low
41557426	Low
18351233	Low
1306122	Low
18320823	Low
34950854	Low
2399802	Low
13481614	Low
26989587	Low
27847932	Low
32170570	Low
37583102	Low
35623626	Low
9911707	Low
6681426	Low
45352693	Low
23923159	Low
23259960	Low
34339937	Low
26332348	Low
18885936	Low
1739598	Low
7192716	Low
23078995	Low
36581434	Low
6532777	Low
14533965	Low
49023393	Low
27505736	Low
4826452	Low
38403156	Low
1115874	Low
41364158	Low
44914398	Low
33101742	Low
5458486	Low
9069063	Low
11856567	Low
9185785	Low
27879793	Low
16784290	Low
9060829	Low
31292785	Low
50669221	Low
3666699	Low
12599463	Low
36535331	Low
1586826	Low
30389901	Low
2898290	Low
17539328	Low
50961535	Low
2642277	Low
25150470	Low
40344844	Low
10312217	Low
48823988	Low
38433373	Low
39723043	Low
1047918	Low
2092775	Low
30350408	Low
23586195	Low
901616	Low
1545066	Low
47674513	Low
50186115	Low
41487215	Low
2085662	Low
19755256	Low
32444445	Low
47742056	Low
50081356	Low
44533703	Low
17893293	Low
33049622	Low
47161560	Low
14063972	Low
8567323	Low
38514911	Low
657029	Low
32965280	Low
2604445	Low
41537735	Low
37791193	Low
1182372	Low
43309175	Low
14039877	Low
14373561	Low
5030152	Low
5855352	Low
38563270	Low
48645070	Low
48991245	Low
46626547	Low
13677507	Low,Low
39987090	Low
54327491	Low
41497057	Low
41964387	Low
14740059	Low
24362431	Low
23002410	Low
23630118	Low
34742169	Low
40399429	Low
3141206	Low
37666849	Low
48663287	Low
50217412	Low
770112	Low
45523355	Low,Low,Low
26344471	Low
6703481	Low
53829489	Low
12271719	Low
27958649	Low
20507478	Low
1826550	Low
37965857	Low
28384776	Low
5296108	Low
2021882	Low
2110132	Low
25802269	Low
42147011	Low
52258995	Low
45155728	Low
34547044	Low
4503405	Low
14177857	Low
35717470	Low
5861951	Low
490269	Low
3395438	Low
53765206	Low
45198794	Low
20435852	Low
48689578	Low
31924163	Low
46717237	Low
25957291	Low
28795884	Low
5271605	Low
48977377	Low
5897116	Low
25427116	Low
10640639	Low
48552239	Low
6922586	Low
7707591	Low
41806205	Low
13655545	Low
37861978	Low
20525634	Low
101344	Low
37037661	Low
10846390	Low
1357752	Low
13972315	Low
8487855	Low
7026056	Low
5126284	Low
52695523	Low
37453897	Low
2484738	Low
896955	Low
36834738	Low
31815847	Low
15728533	Low
33065537	Low
28751596	Low
48442950	Low
21961086	Low
12103447	Low
38330472	Low
39217867	Low
186933	Low
29991318	Low
3990941	Low
3874	Low
15283788	Low
192693	Low
16656232	Low
28557044	Low
46321723	Low
14649238	Low
24915820	Low
48690487	Low
51575439	Low
21164938	Low
43405037	Low
41305762	Low
29431715	Low
2123420	Low
3897089	Low
45600569	Low
52053243	Low
54235881	Low
3231468	Low,Low
53616503	Low
36406732	Low
34065540	Low
36778628	Low
2120224	Low
41779862	Low
840864	Low
13943225	Low
48585131	Low
23752117	Low
8982021	Low
12841898	Low
18412940	Low
30865491	Low
40574039	Low
32843693	Low
4409035	Low
47095036	Low
16055946	Low
3176654	Low
51278588	Low
22145691	Low
1914242	Low
1617671	Low
34122164	Low
30888721	Low,Low
4881424	Low
626717	Low
33725949	Low
43997221	Low
40187541	Low
48860932	Low
47273647	Low
24553942	Low
30749169	Low
324812	Low
37224253	Low
21153247	Low
24902567	Low
20790125	Low
24903740	Low
5135980	Low
29992005	Low
7840748	Low
6860425	Low
43070157	Low
51149977	Low
15104646	Low
34747053	Low
51558152	Low
8826388	Low
42064600	Low
4534129	Low
33201202	Low
43622827	Low
2583690	Low
8061944	Low
3303249	Low
38847790	Low
10649149	Low
41364511	Low
43842034	Low
24286963	Low
2343731	Low
25360477	Low
38124740	Low
50505548	Low
23208644	Low
211655	Low
47012643	Low
26659044	Low
51460063	Low
1260020	Low
23794120	Low
1705334	Low
6900632	Low
22289331	Low
49290809	Low
15044784	Low
34157266	Low
18285895	Low
45012627	Low
22435314	Low
43575285	Low
18914343	Low
21686342	Low
1065791	Low
47762883	Low
40943294	Low
52516516	Low
2447768	Low
13430970	Low
5273620	Low
6087837	Low
54238842	Low
40961306	Low
31265748	Low
15372297	Low
44270475	Low
1817747	Low
21553781	Low
2344754	Low
11854886	Low
53885273	Low
47902072	Low
40716393	Low
464411	Low
8875634	Low
3730302	Low
8511930	Low
24912714	Low
6124808	Low
43273545	Low
48982395	Low
27864627	Low
579347	Low
28401716	Low
27974341	Low
21756049	Low
22922620	Low
30542162	Low
883877	Low
20574126	Low
22094377	Low
635867	Low
7340420	Low
18557352	Low
35276406	Low
43394455	Low
4236467	Low
27972750	Low
48690591	Low
18866154	Low
1086959	Low
24502601	Low
37496694	Low
52711100	Low
43182230	Low
39683063	Low
53347169	Low
9582682	Low
26883796	Low
11825928	Low
28804503	Low
11466593	Low
11945311	Low
12585967	Low
8303282	Low
17404050	Low
13384876	Low
50005400	Low
4564011	Low
39924106	Low
2002717	Low
19099511	Low
5875875	Low
18733675	Low
43824478	Low
51373244	Low
4254874	Low
1310206	Low,Low
21114870	Low
34119	Low
37026865	Low
53565673	Low
24067626	Low
7260245	Low
51889598	Low
48784618	Low
985300	Low
6329226	Low
48433984	Low
19012289	Low
7133786	Low
33166760	Low
23720392	Low
53689671	Low
52502	Low
2943130	Low
26150840	Low
40767988	Low
3025192	Low
37904224	Low
20195979	Low
47189657	Low
8752878	Low
44715476	Low
42241948	Low
18124501	Low
3207071	Low
50689226	Low
17275831	Low
23602135	Low
13998846	Low
32317050	Low
41232249	Low
29804512	Low
29587747	Low
1448170	Low
29380645	Low
7712928	Low
1785729	Low
40877347	Low
49428289	Low
43001953	Low
50639556	Low
12680995	Low
17664262	Low
15038445	Low
13963797	Low
1644744	Low,Low
54326190	Low
32770734	Low
13879985	Low
49389676	Low
20533824	Low
3500616	Low
1041603	Low
33776261	Low
7438438	Low
49675681	Low
21435631	Low
34331718	Low
40687459	Low
22068133	Low
13708317	Low
51885959	Low
8817551	Low
34961397	Low
31747175	Low
44123258	Low
10105163	Low
41231036	Low
21547614	Low
15240350	Low
31269937	Low
27254244	Low
48444809	Low
4643010	Low
18323754	Low
32610748	Low
51773621	Low
44615669	Low
13887268	Low
15549763	Low
40070736	Low
3800537	Low
53978611	Low
50918	Low
14851772	Low
51065316	Low
41326050	Low
1494245	Low
12280249	Low
47452090	Low
33558405	Low
43970624	Low
37358745	Low
15357662	Low
4850372	Low
41787575	Low
51494798	Low
38595532	Low
20986972	Low
25294051	Low
40495275	Low
325426	Low
33099842	Low
25818139	Low
25242913	Low
1160623	Low
1588174	Low
9228823	Low
38728410	Low
42031	Low
22096897	Low
18353587	Low
43577533	Low
39285158	Low
44609114	Low
41945738	Low
54305674	Low
20826984	Low
12277276	Low
10800745	Low
25819326	Low
20365313	Low
51664413	Low
15322028	Low
41435271	Low
2253907	Low
43843697	Low
11056070	Low
10290732	Low
1777458	Low
52685710	Low
11612834	Low
7918322	Low
47259480	Low
4578722	Low
38604407	Low
3752785	Low
7340302	Low
26034454	Low
47900620	Low
29571116	Low
52527452	Low
5554580	Low
31701684	Low
52531561	Low
40138211	Low
28618368	Low
45663967	Low
54256545	Low
6269890	Low
3172753	Low
6008079	Low
18215958	Low
44589433	Low
24659456	Low
24573084	Low
533436	Low
17803255	Low
5367173	Low
40123047	Low
36987459	Low
9053125	Low
2672369	Low
47438104	Low
2843723	Low
30924591	Low
5864053	Low
5909205	Low
46546514	Low
8205972	Low
7380871	Low
1325279	Low
39914206	Low
911754	Low
40885596	Low
36814661	Low
25707277	Low
37826134	Low
39337819	Low
39780436	Low
45339830	Low
47020964	Low
417493	Low
8018778	Low
25575062	Low
52365475	Low
41380433	Low
46791943	Low
3193441	Low
23287466	Low
33904937	Low
11877503	Low
51098752	Low
11688171	Low
13312719	Low
36522165	Low
48719069	Low
21592973	Low
1303531	Low
43256791	Low
20028683	Low
14412455	Low
41584293	Low
246774	Low
10392893	Low
50501557	Low
31282151	Low
5306485	Low
34634187	Low
12370844	Low
39840669	Low
32992688	Low
48616934	Low
29021800	Low
41798436	Low
41058128	Low
40725075	Low
37979525	Low
21833153	Low
46873230	Low
11456872	Low
26039331	Low
33665819	Low
3018846	Low
4981700	Low
2984728	Low
11021248	Low
4193582	Low
360041	Low
26760758	Low
46348336	Low
23448379	Low
5512777	Low
38135114	Low
47423619	Low
41315630	Low
17478272	Low
44559109	Low
7432179	Low
31474890	Low
1814187	Low
49519479	Low
28608215	Low
282197	Low
2952264	Low
29297271	Low
36394604	Low
3884421	Low
6692258	Low
42395100	Low
19745726	Low
23449784	Low
262935	Low
40642728	Low
28397880	Low
14718807	Low
39358610	Low
816001	Low
29171869	Low
11334382	Low
46977844	Low
3329518	Low
10655897	Low
12877587	Low
30244583	Low
8888939	Low
30492136	Low
31527491	Low
4831315	Low
23131476	Low
13371250	Low
41769165	Low
40473374	Low
20056932	Low
27405989	Low
12694979	Low
47438617	Low
53858414	Low
50560240	Low
5301431	Low
23020424	Low
6213185	Low
7127508	Low
3859111	Low
7391852	Low
47246966	Low
28901812	Low
49992504	Low
40224095	Low
8506881	Low
350568	Low
51283468	Low
25226624	Low
9293179	Low
25200173	Low
53650475	Low
4457401	Low
25575161	Low
1431330	Low
42607622	Low
25681192	Low
2324639	Low
24399839	Low
20080795	Low
3988094	Low
8660975	Low
44764548	Low
21251314	Low
361850	Low
38796868	Low
9915976	Low
22281360	Low
44617449	Low
16226468	Low
54321619	Low
19389318	Low
7207355	Low
2577339	Low
54238068	Low
52922451	Low
54053963	Low
34130734	Low
34816383	Low
11240152	Low
33925130	Low
34704636	Low
5424026	Low
47256042	Low
36973082	Low
8834973	Low
23968401	Low
6131155	Low
52324377	Low
21998170	Low
13455067	Low
4864744	Low
47423006	Low
42747440	Low
18550331	Low
31934566	Low
40218602	Low
30864951	Low
5553605	Low
36675116	Low
4107816	Low,Low
33905158	Low
44499867	Low
46671118	Low
92906	Low
54342083	Low
46495957	Low
12877741	Low
44272734	Low
10286540	Low
48690607	Low
50087813	Low
11656358	Low
46454308	Low
24098449	Low
31144901	Low
40189248	Low
47010224	Low
4333438	Low
27378627	Low
2004804	Low,Low
29029027	Low
23758721	Low
13146977	Low
38762493	Low
51153290	Low
31301444	Low
14077024	Low
41750407	Low
37783228	Low
37947359	Low
42512810	Low
7257218	Low
47361041	Low
29483153	Low
1325950	Low
47571601	Low
24633672	Low
22181353	Low
1229921	Low
15179474	Low
18353193	Low
4021586	Low
5590760	Low
25265194	Low
49160762	Low
28377443	Low
30585976	Low
1496757	Low
24011213	Low
12999450	Low
40749862	Low
9054468	Low
24126989	Low
28280952	Low
1535452	Low
7107486	Low
13574742	Low
47208605	Low
39524937	Low
75078	Low
33769185	Low
20613742	Low
53960024	Low
25169599	Low
21487408	Low
19101238	Low
19846019	Low
5094731	Low
18871682	Low
22678724	Low
29371166	Low
48526845	Low
22416467	Low
47014023	Low
21339642	Low
28994734	Low
34042618	Low
41495202	Low
29071678	Low
11956390	Low
2787129	Low
24845072	Low
16036540	Low
28118158	Low
1136647	Low
46504073	Low
2910436	Low
522681	Low
33929850	Low
11431753	Low
54294676	Low
24655328	Low
3337163	Low
4465984	Low
12898135	Low
53838010	Low
6092344	Low
33713076	Low
4332018	Low
24133659	Low
42699120	Low
913947	Low
19538529	Low
15633372	Low
51958313	Low
24181989	Low
7002530	Low
44033471	Low
54293899	Low
30246760	Low
25600815	Low
28821203	Low
5111473	Low
40713638	Low
30643975	Low
3206495	Low
41764220	Low
47473198	Low
41029141	Low
7402171	Low
21706446	Low
51506783	Low
24815128	Low
41206433	Low
38218669	Low
155030	Low
53922920	Low
5936038	Low
34678412	Low
7474498	Low
25437648	Low
10106716	Low
16010183	Low
38655001	Low
38887158	Low
694829	Low
1559254	Low
5736507	Low
569143	Low
45605806	Low
6725388	Low
1490545	Low
40943443	Low
3725942	Low
21001346	Low
18327621	Low
8670534	Low
38377888	Low
31777078	Low
1905937	Low
20977826	Low
42474612	Low
31637116	Low
40724175	Low
36847774	Low
49949025	Low
44164575	Low
27763413	Low
28614453	Low
17129874	Low
1427818	Low
44126793	Low
11884341	Low
6485063	Low
22575533	Low
27970001	Low
53382	Low
14449397	Low
1855289	Low
50935038	Low
16184632	Low
54340786	Low
8961041	Low
27935253	Low
28738868	Low
35119424	Low
35252915	Low
2578386	Low
33956133	Low
33091987	Low
33470371	Low
25136628	Low
1694070	Low
45016869	Low
13400390	Low
33765714	Low
23869497	Low
38597476	Low
22687230	Low
16314447	Low
18499187	Low
45565253	Low
33756418	Low
3060795	Low
52695467	Low
30417975	Low
10916174	Low
41249645	Low
9686244	Low
18307511	Low
27002487	Low
33793533	Low
43833399	Low
40895505	Low
7131014	Low
46359445	Low
38635730	Low
22237363	Low
4181127	Low
4807947	Low
22623771	Low
38850867	Low
8952218	Low
23021812	Low
1170596	Low
42388976	Low
28714046	Low
28701828	Low
39241412	Low
40018418	Low
17557516	Low
7586354	Low
41698031	Low
27177682	Low
16095249	Low
2959079	Low
23994840	Low
48303293	Low
17719645	Low
11922152	Low
38186554	Low
53161957	Low
6097857	Low
24896394	Low
2511210	Low
51903959	Low
20983136	Low
7883111	Low
14124984	Low
27555753	Low
45663189	Low
40188017	Low
33925603	Low
28962071	Low
5975457	Low
1638180	Low
44970510	Low
24079676	Low
42049930	Low
1301686	Low,Low
11938136	Low
11906864	Low
41090832	Low
1490564	Low
6725397	Low
1329574	Low
18304987	Low
18517784	Low
30319080	Low
14746946	Low
21537323	Low
33932522	Low
12211193	Low
19467729	Low
9292116	Low
34374805	Low
18134892	Low
2725261	Low
31717138	Low
26576091	Low
28964581	Low
14715601	Low
29830709	Low
31173636	Low
10859520	Low
45671588	Low
9873721	Low
3476106	Low
28502092	Low
42242923	Low
52667561	Low
47012471	Low
38892940	Low
11686743	Low
1489464	Low
38681004	Low
22766430	Low
50023834	Low
53301492	Low
47153702	Low
37891165	Low
2047887	Low
23573417	Low
2144928	Low
8106840	Low,Low
47257265	Low
18072176	Low
6244450	Low
48677408	Low
26790883	Low
22844612	Low
28883739	Low
27914146	Low,Low
1984494	Low
53501645	Low
41242977	Low
1419497	Low
4216688	Low
34763906	Low
24124332	Low
30357666	Low
33677828	Low
10054817	Low
51081690	Low
3348630	Low
8935864	Low
5502671	Low
32828304	Low
8719635	Low
26752715	Low
52160304	Low
32292644	Low
25819883	Low
4402386	Low
3020440	Low
17252706	Low
41686645	Low
27938372	Low
32757215	Low
2103242	Low
12856166	Low
2072717	Low
29278638	Low
37019241	Low
40092777	Low
51062124	Low
14703265	Low
3677140	Low
1130	Low
44942658	Low
6924768	Low
51610879	Low
24773725	Low
27496686	Low
50377922	Low
4142430	Low
22827119	Low
4236942	Low
33678177	Low
34351949	Low
1953739	Low
28005014	Low
7503876	Low
33923946	Low
25280287	Low
9261337	Low
40354679	Low
48059538	Low
34848280	Low
1263947	Low
8218682	Low
29994474	Low
47569138	Low
39155654	Low
53487519	Low
39940573	Low
14716773	Low
8943091	Low
38550629	Low
44979822	Low
1816035	Low
51090536	Low
24112198	Low
43646090	Low
11489870	Low
15800430	Low
31166723	Low
38833628	Low
23273536	Low
38574601	Low
41811667	Low
4151623	Low
43539635	Low
26320469	Low
17305444	Low
2675784	Low
50648076	Low
3433658	Low
21164880	Low
4219033	Low
38057265	Low
44849517	Low
18522320	Low
40247674	Low
50012420	Low
1272800	Low
12438121	Low
27161723	Low
1061271	Low
32790420	Low
48892335	Low
47051820	Low
21226137	Low
24982651	Low
9456990	Low
44624106	Low
25541511	Low
735136	Low
33843776	Low
15917712	Low
21875153	Low
13496677	Low
29254290	Low
46739349	Low
922493	Low
2525484	Low
1735063	Low
18353332	Low
50337811	Low
22915208	Low
455909	Low
4173249	Low
42978497	Low
27164134	Low
30275490	Low
6900714	Low
23470153	Low
22021532	Low
29451419	Low
47048299	Low
40050830	Low
8255339	Low
1051927	Low
1588362	Low
14348187	Low
5649484	Low
24499533	Low
8663148	Low
21842719	Low
219413	Low
11634653	Low
36319827	Low
15144384	Low
27519384	Low
626889	Low
36060579	Low
27396820	Low,Low
24472387	Low
4027896	Low
9739239	Low
3100770	Low
35631937	Low
52756002	Low
30943993	Low
9680020	Low
41755927	Low
48909516	Low
40272555	Low
240846	Low
38412529	Low
3848705	Low
51968136	Low
43071573	Low
37190732	Low
24535320	Low
40528646	Low
5999217	Low
42004797	Low
8750302	Low
35999159	Low
9852831	Low
26988497	Low
35010583	Low
7438702	Low
8512135	Low
24837220	Low
23356508	Low
21538361	Low
46788697	Low
38446730	Low
1427664	Low
42841555	Low
10896059	Low
1237656	Low
38177447	Low
31773252	Low
11200418	Low
6303997	Low
53997920	Low
23707608	Low
25868597	Low
17994168	Low
46224274	Low
5954098	Low
23056909	Low
48218759	Low
367174	Low
13911280	Low
36422069	Low
10894995	Low
43677198	Low
43371242	Low
37794760	Low
43080347	Low
40649289	Low
8111312	Low
32822424	Low
25189146	Low
47403823	Low
3578392	Low,Low
29162226	Low
33639133	Low
31192923	Low
51235589	Low
1490515	Low
7511294	Low
30931773	Low
48480324	Low
51514640	Low
3614834	Low
52059577	Low
308050	Low
16393	Low
50079187	Low
21095063	Low
33861164	Low
33914096	Low
25514003	Low
27382646	Low
26674959	Low
2688736	Low
14530187	Low
51454858	Low
1048406	Low
353215	Low
27341151	Low
48947106	Low
8051124	Low
19321876	Low
51550825	Low
23874146	Low
39317680	Low
2394696	Low
48765004	Low
13220642	Low
23004427	Low
1603749	Low
24795132	Low
32098815	Low
45672440	Low
44033213	Low
502030	Low
7820834	Low
23591127	Low
50013997	Low
38531170	Low
5475150	Low
6863170	Low
45365157	Low
53069655	Low
1830677	Low
35911575	Low
14448923	Low
35946576	Low
42786977	Low
2611812	Low
10473	Low
29547715	Low
32136754	Low
30257911	Low
24397877	Low
7676662	Low
29866589	Low
6778546	Low
11979463	Low
44204184	Low
4074887	Low
3739672	Low
5426551	Low
12735497	Low
3433457	Low
10654989	Low
14174232	Low
10894739	Low
44918300	Low
13193791	Low
28317145	Low
41256518	Low
34950571	Low
19036973	Low
10492747	Low
33664743	Low
21547771	Low
140757	Low
49655268	Low
783851	Low
5880160	Low
12647877	Low
35474224	Low
35697773	Low
38386061	Low
12901501	Low
5877622	Low
6777936	Low
45665443	Low
28210930	Low
54326434	Low
39972656	Low
40785591	Low
28718961	Low
41403638	Low
49146002	Low
10134332	Low
1812202	Low
18553926	Low
13964062	Low
39968836	Low
23963497	Low
224130	Low
41373339	Low
54221276	Low
49212946	Low
16226949	Low
2114027	Low
10144829	Low
25189603	Low
48907168	Low
6201974	Low
24353135	Low
22282057	Low
24159035	Low
52572682	Low
21002953	Low
3207393	Low
21226270	Low
20055678	Low
11836324	Low
29018973	Low
46688206	Low
1731754	Low
22782314	Low
33914801	Low
13012678	Low
1493838	Low
8856946	Low,Low
50994530	Low
48628741	Low
51495829	Low
33822814	Low
44574811	Low
42688993	Low
17005049	Low
10340801	Low
8154173	Low
20978687	Low
4307022	Low
29072318	Low
25079791	Low
23932023	Low
3018281	Low
19609426	Low
48714684	Low
508361	Low
18011727	Low
52356145	Low
45453189	Low
7914925	Low
6730935	Low
26628901	Low
4318588	Low
46979658	Low
32970086	Low
38753420	Low
4481670	Low
25489830	Low
21553572	Low
24396731	Low
40932806	Low
33914449	Low
10670125	Low
32788670	Low
31955888	Low
9462893	Low
40223311	Low
3903170	Low
30948430	Low
44376154	Low
5620251	Low
48010182	Low
20416426	Low
48513965	Low
20259444	Low
21922227	Low
29232551	Low
29526771	Low
26324506	Low
5462904	Low
36089995	Low
3085929	Low
22622542	Low
32152080	Low
42019973	Low
42876812	Low
8309908	Low
11246352	Low
26570603	Low
49439752	Low
40228727	Low
1311977	Low
53153314	Low
2684534	Low
51627980	Low
8872607	Low
48842635	Low
44793643	Low
6660914	Low
54294948	Low
2055498	Low
23695763	Low
40832361	Low
13141820	Low
29499892	Low
1705236	Low
51992943	Low
8976454	Low
21530165	Low
19302356	Low
534507	Low
41589664	Low
971872	Low
54341746	Low
8412445	Low
47219596	Low
27992795	Low
11313684	Low
24883684	Low
47279087	Low
10094619	Low
6901601	Low
50354504	Low
277826	Low
25478175	Low
12905975	Low
35308959	Low
44596811	Low
48208436	Low
46772714	Low
30583898	Low
15838820	Low
48502215	Low
24708741	Low
1554044	Low
36803303	Low
19047963	Low
42957113	Low
40758829	Low
2267547	Low
20853707	Low
54327799	Low
13910150	Low
9819050	Low
27654686	Low
26882900	Low
33932763	Low
50842463	Low
27558112	Low
29995906	Low
38163893	Low
34846522	Low
241271	Low
22524531	Low
40945076	Low
1976276	Low
34176613	Low
2212576	Low
40963249	Low
34184331	Low
58397	Low
368042	Low
53549551	Low
38254867	Low
29482306	Low
33892103	Low
29290523	Low
8403302	Low
27141346	Low
19914976	Low
1185843	Low
12858855	Low
19577286	Low
4014986	Low
25837438	Low
28323668	Low
26864321	Low
12487118	Low
53571582	Low
534720	Low
41803086	Low
22874665	Low
20049710	Low
34013220	Low
12201424	Low
20562908	Low
41380166	Low
27339119	Low
22541326	Low
26446724	Low
26680566	Low
6045326	Low
46799250	Low
19393288	Low
46663678	Low
30462587	Low
2193960	Low
28844766	Low
24497604	Low
18419861	Low
8384446	Low
22081732	Low
4826714	Low
43316529	Low
12209966	Low
51465045	Low
28862297	Low
6160882	Low
7585313	Low
53728090	Low
263329	Low,Low
12128705	Low
232529	Low
43518832	Low
5846406	Low
25039201	Low
30931488	Low
22423908	Low
16664122	Low
47470973	Low
51762773	Low
5862993	Low
46441212	Low
10436608	Low
43257749	Low
13814792	Low
1493864	Low
39520988	Low
21788931	Low
19985272	Low
49640593	Low
40656578	Low
33766017	Low
8770607	Low
35682496	Low
40639882	Low
32954268	Low
33110360	Low
44232715	Low
39686944	Low
52278593	Low
26573997	Low
44561285	Low
9702668	Low
50078130	Low
41379268	Low
35719760	Low
31231161	Low
17043503	Low
28714501	Low
28151928	Low
20983531	Low
38119736	Low
4032347	Low
51632541	Low
7236000	Low
46341981	Low
3342295	Low
5669021	Low
21095071	Low
29214149	Low
29708700	Low
24072011	Low
41284806	Low
19649231	Low
34511071	Low
31049529	Low
39160486	Low
8625264	Low
49660853	Low
34259873	Low
2109709	Low
42509326	Low
20407945	Low
149306	Low
33175025	Low
41791762	Low
9969667	Low
22632131	Low
44961486	Low
35141209	Low
19102183	Low
51163682	Low
22259040	Low
22740431	Low
21012331	Low
12814176	Low
41229259	Low
36211136	Low
18324702	Low
53762576	Low
5269198	Low
15013049	Low
22450473	Low
21144538	Low
458424	Low
28972093	Low
36423806	Low
22274868	Low
54295271	Low
52138578	Low
52090024	Low
27958530	Low
47930716	Low
4146488	Low
42188356	Low
42634612	Low
34251595	Low
28103166	Low
28969988	Low
48898614	Low
1335881	Low
1850746	Low
870011	Low
28262362	Low
16629304	Low
15980722	Low
2255614	Low
30625791	Low
42020393	Low
10491587	Low
46514608	Low
25482212	Low
40656863	Low
27254215	Low
35288085	Low
27505705	Low
20971190	Low
1326119	Low
31702842	Low
704015	Low
19447463	Low
253197	Low
19913692	Low
212359	Low
40942830	Low
8129333	Low
25709692	Low
23223927	Low
53216126	Low
621870	Low
33043006	Low
37309396	Low
2563123	Low
49664915	Low
46174	Low
7856554	Low
49397718	Low
39209903	Low
21658267	Low
3151160	Low
1185183	Low
29386004	Low
8566976	Low
26063538	Low
50685149	Low
24534718	Low
45663604	Low
1425010	Low
21979272	Low
25114520	Low
52773999	Low
47618175	Low
28439131	Low
1203591	Low
25018545	Low
11741161	Low
35843164	Low
50917886	Low
386986	Low
2819491	Low,Low
8429856	Low
23935486	Low
48518922	Low
11979083	Low
13442847	Low
46765238	Low
29246905	Low
54240065	Low
18353071	Low
42311767	Low
168205	Low
54284332	Low
9126033	Low,Low
28961443	Low
3474537	Low
13760322	Low
50578205	Low
54286731	Low
11027377	Low
3349568	Low
27155637	Low
40147897	Low
24176353	Low
41781898	Low
6023568	Low
20901803	Low
1477327	Low
47040558	Low
5021849	Low
13123690	Low
45615554	Low
1578510	Low
27582347	Low
2912933	Low
21368113	Low
29205514	Low
4733424	Low
36595985	Low
38813591	Low
1276719	Low
22460260	Low
27985704	Low
36320824	Low
28002580	Low
47370783	Low
33668554	Low
28211397	Low
26966365	Low
1675976	Low
36948358	Low
36543224	Low
47160471	Low
22887012	Low
33220780	Low
21106662	Low
33248903	Low
8915368	Low
3054406	Low
53345019	Low
53071692	Low
4583552	Low
36367648	Low
40732699	Low
36531629	Low
6307171	Low
26917960	Low
1463117	Low
25453472	Low
52830327	Low
3239798	Low
20723169	Low
18779232	Low
54285103	Low
42605715	Low
21438344	Low
14590314	Low
10469141	Low
21038835	Low
16075960	Low
46396300	Low
31920	Low,Low
12668040	Low
5157092	Low
16717482	Low
30961559	Low
5638993	Low
437086	Low
32746892	Low
5562738	Low
8434819	Low
7795478	Low
11843767	Low
50869512	Low
29095362	Low
35634566	Low
20574015	Low
28850136	Low
22028551	Low
18514732	Low
54292821	Low
1754312	Low
26007796	Low
7707870	Low
14079292	Low
35830787	Low
612721	Low
2776681	Low
16193552	Low
22292384	Low
16818556	Low
17861984	Low
33796594	Low
49716245	Low
5785865	Low
44951695	Low
11967655	Low
25824619	Low
30411187	Low
39697798	Low
23932374	Low
45110153	Low
10558366	Low
3433744	Low,Low
5113106	Low
15587683	Low
5681094	Low
25968661	Low
50216221	Low
18890642	Low
1704517	Low
53269235	Low
20201297	Low
42502646	Low
657142	Low
36926980	Low
24154230	Low
11989695	Low
44484025	Low
442398	Low
11914897	Low
147968	Low
46231410	Low
20058790	Low
38389605	Low
24124270	Low
2124582	Low
34567346	Low
51138462	Low
47088972	Low
33635841	Low
48484247	Low
4298423	Low
37224300	Low
21325256	Low
172002	Low
27287230	Low
1833228	Low
12202838	Low
42199054	Low
25175287	Low
40854296	Low
15022808	Low
27369470	Low
12671604	Low
17083867	Low
42812713	Low
1274346	Low
26317483	Low
39831755	Low
24354210	Low
49971992	Low
41507470	Low
11934642	Low
29400081	Low
22945336	Low
19468465	Low
18353561	Low
16818082	Low
51517498	Low
18317544	Low
8326620	Low
32277583	Low
1493947	Low,Low
31587600	Low
894262	Low
40159068	Low
7811105	Low,Low
51495589	Low
37441422	Low
3325221	Low
28844181	Low
53984662	Low
1490657	Low
40481037	Low
50023704	Low
43044522	Low
41252860	Low
40661693	Low
21658427	Low
41998648	Low
8808551	Low
32078680	Low,Low
13980869	Low
2974958	Low
24310060	Low
30943915	Low
23927756	Low
44789299	Low
1123879	Low
21636305	Low
5064727	Low
1923488	Low
3456450	Low
49344479	Low
40943975	Low
19667544	Low
33842951	Low
51218471	Low
24997524	Low
332245	Low
31154724	Low
5620891	Low
17801522	Low
18097465	Low
45532546	Low
37674837	Low
23395806	Low
45656760	Low
20520623	Low
48648706	Low
11789322	Low
43118280	Low
2555202	Low
6498080	Low
638045	Low
17290801	Low
1490684	Low
4504617	Low
22145209	Low
14651889	Low
48546576	Low
23087506	Low
11872186	Low
30216018	Low,Low
25229881	Low
27092703	Low
4447144	Low
353014	Low
24816842	Low
21657404	Low
23823802	Low
4701617	Low
39431038	Low
40626308	Low
15438098	Low
6846624	Low
37052358	Low
1925445	Low
23737513	Low
5061970	Low
42433665	Low
8706128	Low
6333438	Low
11478447	Low
9080886	Low
1560490	Low
37249698	Low
20127149	Low
29449880	Low
20857120	Low
47671635	Low
22117982	Low
34095506	Low
25000733	Low
14657881	Low
7474226	Low
9791655	Low
31627981	Low
41966170	Low
42230240	Low
11417854	Low
28390079	Low
49789210	Low
5294408	Low
5326178	Low
20477041	Low
3375855	Low
24410555	Low
33431087	Low
33064043	Low
12135003	Low
26151926	Low
14403863	Low
20792455	Low
7802076	Low
9357386	Low
40168247	Low
27316618	Low
37005262	Low
7685978	Low
1249890	Low
11023377	Low
11109012	Low
48383341	Low
34483344	Low
10159509	Low
22419952	Low
4292637	Low
40076171	Low
364090	Low
36591242	Low
8935851	Low
40956897	Low
10084456	Low,Low
8739079	Low
36081622	Low
11538923	Low
560309	Low
52776844	Low
21014689	Low
41308719	Low
16349537	Low
2559577	Low
34929334	Low
45618342	Low
14075756	Low
19740593	Low
14780936	Low,Low
45661026	Low
40005001	Low
24778804	Low
16535	Low
1806995	Low
42966477	Low
10643069	Low
22239952	Low
2431716	Low
51695795	Low
28807801	Low
31508313	Low
8433195	Low
34470855	Low
22381410	Low
34613998	Low
8964366	Low
13437684	Low
4558452	Low
1233162	Low
12877246	Low
30837117	Low
50666069	Low
7053112	Low
11060686	Low
51755633	Low
8527179	Low
5712384	Low
27565725	Low
41722856	Low
27003240	Low
20236709	Low
10846606	Low
25946702	Low
4489970	Low
9731731	Low
39131043	Low
224563	Low
41481673	Low
54083160	Low
13302907	Low
13066899	Low
42856749	Low
4217667	Low
18877304	Low
32654545	Low
14902308	Low
17893620	Low
37045562	Low
33926001	Low
321876	Low
47290922	Low
52855925	Low
27082657	Low
16636560	Low
6171010	Low
41958365	Low
6444936	Low
47985880	Low
11814762	Low
51435243	Low
2500548	Low
5294604	Low
19149544	Low
2470584	Low
36830446	Low
43567592	Low
41201975	Low
37483880	Low
43769027	Low
47250940	Low
33111915	Low
28344714	Low
26457746	Low
7453521	Low
3097262	Low
40653957	Low
23106947	Low
1372230	Low
16894943	Low
30060067	Low
24750360	Low
39568580	Low
25868123	Low
6456165	Low
7260028	Low
45382577	Low
2725781	Low
4938832	Low
51346063	Low
4228914	Low
10273332	Low
24973746	Low
47161066	Low
38813571	Low
5894377	Low
38238145	Low
26724628	Low
36181825	Low
36198935	Low
48744181	Low
8600592	Low
8821445	Low
43573275	Low
37164973	Low
48905113	Low
8523117	Low
26443276	Low
24278071	Low
40120616	Low
22629901	Low
31071819	Low
21659363	Low
53285766	Low
5567462	Low
52880080	Low
2716714	Low
19208223	Low
27190741	Low
45492394	Low
46493910	Low
52444505	Low
16096724	Low
21919577	Low
14783773	Low
48690329	Low
36499061	Low
27339446	Low
27072021	Low
50283146	Low
3874975	Low
23841997	Low
52392899	Low
37315532	Low
23939880	Low
36613737	Low
42001	Low
13905413	Low
33755779	Low
3401981	Low
37749406	Low
18358344	Low
5497074	Low
49023608	Low
27709204	Low
51436188	Low
44499001	Low
15221630	Low
19760103	Low
29390378	Low
2965052	Low
932831	Low
44951231	Low
9069561	Low
2143086	Low
27189895	Low
44059551	Low
47173231	Low
37944758	Low
29025931	Low
1494199	Low
48713724	Low
50212969	Low
40106516	Low
29164924	Low
480756	Low
49206075	Low
4783588	Low
25211611	Low
21420673	Low
354628	Low
241225	Low
21614504	Low
1642597	Low
20603142	Low
2989638	Low
22070469	Low
3222633	Low
13528827	Low
43123627	Low
4015155	Low
41311307	Low
8473257	Low
7127713	Low
12136938	Low
43950633	Low
262003	Low
5679615	Low
4489763	Low
8485479	Low
17811956	Low
2871644	Low
27646532	Low
6552669	Low
48552829	Low
49030192	Low
45661745	Low
50024017	Low
12436226	Low
4939367	Low
3640966	Low,Low
36056647	Low
2444392	Low
4060528	Low
3133192	Low
3349643	Low
45515739	Low
42612981	Low
9864732	Low
48590173	Low
22440083	Low
23693651	Low
20262534	Low
12414132	Low
40224881	Low
33892665	Low
15682559	Low
28280653	Low
5235982	Low
42416006	Low
3859533	Low
39061780	Low
45532001	Low
169494	Low
4490554	Low
3284808	Low,Low
28969031	Low
47158618	Low
3242544	Low
1820714	Low
837251	Low
25563195	Low
35101011	Low
39222614	Low
53863706	Low
47021526	Low
36683135	Low
13127508	Low
38805765	Low
14391176	Low
17141687	Low
49676399	Low
21754708	Low
16851170	Low
8662483	Low
23117108	Low
36747276	Low
14194	Low
44511540	Low
53373	Low
12906247	Low
32272284	Low
1018018	Low
30511726	Low
13658371	Low
1949181	Low
17153352	Low
29653220	Low
33296514	Low
7029862	Low
23546882	Low
8685709	Low
3302770	Low
5007892	Low
3765761	Low
11572442	Low
49520284	Low
47600685	Low
4126534	Low
29447804	Low
7029979	Low
2593299	Low
20784145	Low
22211675	Low
9081404	Low
23100954	Low
52626707	Low
48985	Low
43476818	Low
12173489	Low
32161137	Low
1179168	Low
919082	Low
25494527	Low
48572718	Low
21820452	Low
21834646	Low
32535163	Low
37931075	Low
25817687	Low
30495334	Low
38033078	Low
52109540	Low
7185075	Low
31245929	Low
46634176	Low
18034074	Low
17792174	Low
47448875	Low
28133724	Low
43838625	Low
6892144	Low
21548279	Low
23790097	Low
41531942	Low
17576282	Low
47237702	Low
39170155	Low
15470080	Low
44075900	Low
12037368	Low
31693854	Low
23384287	Low
49704765	Low
32206989	Low
38096880	Low
8885	Low
7476519	Low
14061581	Low
28401823	Low
44563371	Low
41914304	Low
48769901	Low
48415239	Low
27754656	Low
22824210	Low
863157	Low
1780941	Low
28483981	Low
17732983	Low
54234821	Low
7924843	Low
434025	Low
49516469	Low
33505218	Low
9203857	Low
1782148	Low
31046142	Low
14031685	Low
49795423	Low
32181324	Low
48644311	Low
26090225	Low
29080759	Low
23968585	Low
523230	Low
9542367	Low
53924770	Low
37327513	Low
19487459	Low
49656281	Low
21920678	Low
18914149	Low
15754146	Low
40806330	Low
615793	Low
3688874	Low,Low
37266477	Low
44501642	Low
31255057	Low
19445	Low
3570616	Low
19919336	Low
8936667	Low
1913197	Low
907835	Low
5345317	Low
21641545	Low
13102222	Low
36991706	Low
48649450	Low
43216589	Low
52736695	Low
6196190	Low
26080533	Low
43096170	Low
24720454	Low
31633954	Low
20433246	Low
13490329	Low
41955456	Low
24783079	Low
605565	Low
41476142	Low
41667445	Low
33486184	Low
51145503	Low
35110610	Low
14429545	Low
18552614	Low
1588901	Low
11791596	Low
23931572	Low
33952075	Low
9937306	Low
20498	Low
5815027	Low
48475084	Low
1061307	Low
48618866	Low
289668	Low
36947731	Low
11799614	Low
41790576	Low
3172539	Low
52173306	Low
53888070	Low
22082996	Low
24856550	Low
10844726	Low
52207138	Low,Low
37100276	Low
7089643	Low
20311356	Low
19594516	Low
49509245	Low
38902198	Low
46597014	Low
1939635	Low
48873691	Low
6811	Low
16254499	Low
8140597	Low
40108296	Low
14785423	Low
1198071	Low
10637866	Low
39456653	Low
26956324	Low
27483961	Low
44990	Low
43741431	Low
39587520	Low
25869623	Low
45661928	Low
35364617	Low
766059	Low
53960326	Low
13608226	Low
8709138	Low
34950578	Low
10782137	Low
24308312	Low
32882090	Low
3544251	Low
42097977	Low
16621394	Low
36541754	Low
33930549	Low
35497316	Low
28916841	Low
36692219	Low
6334060	Low
23175686	Low
30608526	Low
177316	Low
45663880	Low
28391525	Low
24502552	Low
192515	Low
11701669	Low
36836634	Low
24054312	Low
24081492	Low
35625445	Low
50501999	Low
12293417	Low
51562646	Low
32560458	Low
49686703	Low
6453037	Low
45662343	Low
49251369	Low
36993757	Low
34532317	Low
30227235	Low
11757021	Low
31562331	Low
14460878	Low
6676135	Low
32767574	Low
29005143	Low
45477120	Low
37568575	Low
14309811	Low
43792970	Low
5189874	Low
888476	Low
8715195	Low
50288918	Low
12660586	Low
38683518	Low
34643314	Low
18493846	Low
40193209	Low
5135762	Low
26233030	Low
10002	Low
51561152	Low
33844126	Low
413098	Low
13366139	Low
34371195	Low
7440915	Low
5239920	Low
5249851	Low
20078694	Low
4048189	Low
48610825	Low
17162285	Low
21138611	Low
4217717	Low
23772878	Low,Low
21290669	Low
30542365	Low,Low
7646702	Low
28729571	Low
26034834	Low
13815757	Low
11137224	Low
12221465	Low
18352770	Low
29639985	Low
1490761	Low
198076	Low
3389934	Low
17311946	Low
20535858	Low
50059848	Low
12141346	Low
8423005	Low
49001148	Low
6170499	Low
14258825	Low
51085873	Low
33923348	Low
32392648	Low
13382409	Low
9629044	Low
18731376	Low
5480156	Low
39833340	Low
5853978	Low
2161638	Low
28311802	Low
28036763	Low
34344052	Low
23906054	Low
17165491	Low
3482344	Low
3116909	Low
48492500	Low
1117910	Low
240749	Low
9793000	Low
39968778	Low
4101688	Low
53976473	Low
3433500	Low
15599007	Low
54235270	Low
50511578	Low
25125305	Low
29819542	Low
48272704	Low
41899489	Low
13086027	Low
33789517	Low
2147946	Low
39636203	Low
12717452	Low
51511697	Low
22690330	Low
34119858	Low
43183868	Low
18888630	Low
36415793	Low
33026551	Low
30959080	Low
47567246	Low
20622773	Low
38192081	Low
19478067	Low
6730923	Low
22093912	Low
37104090	Low
41297476	Low
43611433	Low
19194724	Low
29246508	Low
32687984	Low
2560392	Low
22011882	Low
52459606	Low
36616671	Low
26696955	Low
9480344	Low
16236220	Low
21979892	Low
50628220	Low
39703018	Low
6184529	Low
42293660	Low
40951438	Low
37116828	Low
49550575	Low
43494803	Low
5000730	Low,Low
41022233	Low
37105744	Low
18213637	Low
27868261	Low
33307874	Low
53807667	Low
3703642	Low
2241021	Low
30908225	Low
2651979	Low
26818098	Low
34004694	Low
1525921	Low
11885125	Low
48305053	Low
20911119	Low
1375527	Low
3393209	Low
7882424	Low
22407450	Low
1749204	Low
33522513	Low,Low
2300468	Low
3892326	Low
6606318	Low
27773990	Low
25865595	Low
29992189	Low
3151544	Low
18095284	Low
15103619	Low
44612017	Low
27239373	Low
31537920	Low
18351271	Low
3441512	Low
40713871	Low
23853051	Low
2592297	Low
48060817	Low
46849832	Low
521805	Low
8007044	Low
12021496	Low
36531080	Low
1021584	Low
20673011	Low
11527595	Low
5240748	Low
32298954	Low
8531690	Low
51002986	Low
13852692	Low
37024538	Low
37735460	Low
44641120	Low
29199318	Low
27142489	Low
33253128	Low
16851915	Low
675837	Low
21164972	Low
11220215	Low
455099	Low
1736561	Low
41331501	Low
36258903	Low
45604375	Low
21168228	Low
44804554	Low
48500424	Low
1839978	Low
1948305	Low
28529884	Low
39049856	Low
24627679	Low
28354579	Low
52598612	Low
49978238	Low
8771892	Low
26957600	Low
4641828	Low
37311118	Low
9506478	Low
2795512	Low
36206931	Low
1009831	Low
52809716	Low
6730964	Low
43923690	Low
1963943	Low
17102822	Low
9513991	Low
3015885	Low
23727664	Low
19515380	Low
22775953	Low
8670847	Low
12509551	Low
43853752	Low
13698259	Low
9477059	Low
54325994	Low
4847593	Low
39584994	Low
9944993	Low
44490838	Low
4960641	Low
46300558	Low
1113417	Low
361219	Low
10213903	Low
29449758	Low
8702339	Low
4883965	Low
37412423	Low
24418580	Low
3549243	Low,Low
32592019	Low
30576085	Low
52656105	Low
19514177	Low
48678732	Low
38834821	Low
8920209	Low
5579461	Low
30948754	Low
16283254	Low
54037554	Low
29733847	Low
41166541	Low
30014520	Low
48452117	Low
49774864	Low
24890648	Low
47134860	Low
2211873	Low
2047	Low
53451895	Low
21237453	Low
25342272	Low
2911957	Low
353339	Low
36359263	Low
38080426	Low
971640	Low
35946907	Low
49557021	Low
49707642	Low
10429786	Low
58250	Low
17787995	Low
45645458	Low
40669454	Low
14934570	Low
34415398	Low
17204876	Low
34443016	Low
46198156	Low
6551920	Low
692550	Low
51274863	Low
5824557	Low
41422046	Low
54286980	Low
26754737	Low
31894947	Low
7159585	Low
39643029	Low
20818279	Low
28098897	Low
31954164	Low
32308723	Low
1100339	Low
17910961	Low
53708374	Low
539902	Low
4229032	Low
11785444	Low
13667658	Low
9821630	Low
27695095	Low
41314644	Low
41140410	Low
14166937	Low
520851	Low
26154213	Low
34019781	Low
34149694	Low
32622765	Low
11131355	Low
6487388	Low
23453200	Low
17032164	Low
1179171	Low
4289811	Low
1980327	Low
15869622	Low
13722	Low
1183023	Low
53119180	Low
18343061	Low
34086758	Low
3559430	Low
54286371	Low
2150349	Low
44388778	Low
34852817	Low
37054582	Low
47262924	Low
47144784	Low
6306937	Low
15441936	Low
23311719	Low
17867472	Low
9761465	Low
400966	Low
48634670	Low
7388809	Low
267165	Low
36522554	Low
4857547	Low
869497	Low
40633297	Low
51683860	Low
32938158	Low
3587266	Low
40681605	Low
13683761	Low
5897588	Low
22571832	Low
8040989	Low
48010779	Low
46595697	Low
43613033	Low
2616022	Low
49487048	Low
33230418	Low
20374150	Low
29020314	Low
33577498	Low
32789415	Low
41513000	Low
51228916	Low
27622452	Low
39198995	Low
40158545	Low
47359672	Low
45647220	Low
18332214	Low,Low
25865303	Low
1363920	Low
772639	Low
7376002	Low
22914681	Low
9794359	Low
25769793	Low
34162361	Low
6685906	Low
10216355	Low
4546757	Low
19845109	Low
23606645	Low
23742969	Low
32788651	Low
679723	Low
24730184	Low,Low
10744866	Low
34871696	Low
4860884	Low
38935544	Low
469334	Low
26226805	Low
30009222	Low
35834433	Low
5672770	Low
31804906	Low
37333367	Low
18620649	Low
124142	Low
47307826	Low
4551294	Low
36602810	Low
19253378	Low
25078494	Low
25393021	Low
1116776	Low
486492	Low
1184900	Low
10610997	Low
46194964	Low
28773592	Low
39703391	Low
12532713	Low
26193579	Low
22459562	Low
22079751	Low
38076140	Low
38008049	Low
16068505	Low
18769057	Low
13945677	Low
26818653	Low
1850766	Low
37399719	Low
526953	Low,Low,Low
5517744	Low
23956687	Low
2431847	Low
12354754	Low
23760871	Low
33269988	Low
48567299	Low
16220506	Low
20796545	Low
50640966	Low
2113111	Low
2119978	Low
6997840	Low
48619286	Low
6043387	Low
1177384	Low
43307167	Low
11131320	Low
576469	Low
30242391	Low
11784198	Low
12644539	Low
36599548	Low
47673523	Low
36531571	Low
39511751	Low
40682971	Low
8918440	Low
11133726	Low
4794482	Low
22059667	Low
38387771	Low
27679030	Low
23888461	Low
53005565	Low
26766188	Low
20989373	Low
41831350	Low
4343728	Low
35436281	Low
49503934	Low
15946829	Low
4883954	Low
51212424	Low
13533045	Low
53302129	Low
1490650	Low
23437697	Low
41507034	Low
8151829	Low
495997	Low
44755482	Low
20715710	Low
50220604	Low
33363829	Low
313010	Low
1522526	Low
33930073	Low
14422270	Low
7676467	Low
384064	Low
13439205	Low
47489128	Low
637087	Low
3939528	Low
41754717	Low
33583	Low
33777105	Low
6723938	Low
7855620	Low
50023747	Low
44471070	Low
44572681	Low
3966963	Low
769651	Low
53333741	Low
22171716	Low
26606785	Low
38736407	Low
7630074	Low
39023651	Low
38423080	Low
216516	Low
1778135	Low
6007136	Low
43106993	Low
16569233	Low
47729862	Low
49328440	Low
31321623	Low
36406509	Low
2282042	Low
5416685	Low
23881117	Low
215745	Low
45400249	Low
24961128	Low
6121253	Low
1814465	Low
8535408	Low
523215	Low
15226844	Low
1182816	Low
24760049	Low
52560782	Low
31886684	Low
4222711	Low
40162276	Low
1472030	Low
1244808	Low
21292924	Low
49261508	Low
31252099	Low
1718704	Low
43782381	Low
41178257	Low
23962308	Low
7865229	Low
11848168	Low
24039894	Low
42398645	Low
3130699	Low
2408121	Low
41585922	Low
382279	Low
10477975	Low
71481	Low
12254428	Low
539930	Low
8105883	Low
32092819	Low
7668423	Low
581673	Low
28996791	Low
51587058	Low
12978581	Low
47060467	Low
30034201	Low
15305399	Low
52602560	Low
1874643	Low
37362848	Low
6653612	Low
53975791	Low
52556005	Low
6872689	Low
31775139	Low
37020657	Low
649929	Low
19967508	Low
1076794	Low
45605103	Low
30143414	Low
26298199	Low
53621463	Low
4099669	Low
3666556	Low
18524004	Low
23597805	Low
1325927	Low
27243995	Low
30941518	Low
24300757	Low
12358726	Low
25879986	Low
29142386	Low
42096970	Low
19188879	Low
874207	Low,Low
3084621	Low
3080356	Low
39800124	Low
51510072	Low
32242394	Low
20799571	Low
12616176	Low
31031641	Low
47374217	Low
28642229	Low
31564513	Low
46256797	Low
8492225	Low
21843938	Low
25674789	Low
33069429	Low
54295790	Low
26568568	Low
51628188	Low
18367005	Low
7253904	Low
33934986	Low
34780729	Low
10399131	Low
33915095	Low
6326196	Low
24234474	Low
24260271	Low
29790997	Low
33389363	Low
49599042	Low
13754200	Low
39644437	Low
14439283	Low
11856325	Low
32785403	Low
26077049	Low
54252831	Low
52815431	Low
1018078	Low
51786667	Low
32131310	Low
100127	Low
17807857	Low
50066698	Low
45672594	Low
18369506	Low
40683567	Low
20611019	Low
16386089	Low
43658515	Low
7499539	Low
41972260	Low
17476901	Low
42271563	Low
32603797	Low
28207581	Low
43570575	Low
763785	Low
26589043	Low
40972689	Low
51577460	Low
33462795	Low
34132924	Low
35831195	Low
20888979	Low
52318212	Low
26710700	Low
42332421	Low
6303745	Low
36393507	Low
1175331	Low
2885836	Low
17911220	Low
40828202	Low
41189901	Low
201658	Low
9628977	Low
24919101	Low
38680120	Low
28997763	Low
2463605	Low
22812317	Low
37552041	Low
2542865	Low
33648311	Low
340375	Low
41218229	Low
41752075	Low
44845621	Low
33165047	Low
1421555	Low
5924742	Low
33095741	Low
52170140	Low
17822834	Low
44232448	Low
38468689	Low
52001531	Low
44405469	Low
41191406	Low
2742006	Low
29006218	Low
49115349	Low
18726431	Low
1659956	Low
23970827	Low
13253848	Low
13985046	Low
27772631	Low
386065	Low
45114008	Low
45495744	Low
34004871	Low
6660407	Low
2910147	Low
40991126	Low
5779099	Low
19943879	Low
37463097	Low
33860429	Low
21896456	Low
11474122	Low,Low
47425461	Low
11582240	Low
33893159	Low
34621953	Low
17520600	Low
40914373	Low
41260231	Low
29321899	Low
2044841	Low
53763418	Low
10626220	Low
54327001	Low
33758040	Low
23931756	Low
53955746	Low
446404	Low,Low,Low
41082551	Low
20725366	Low
48548314	Low
21949706	Low
20351735	Low
53498890	Low
30872447	Low
24879702	Low
40957688	Low
1914245	Low
18364732	Low
8568128	Low
38814758	Low
25441300	Low
5654189	Low
31486890	Low
33924463	Low
5100047	Low
42949423	Low
20852292	Low
12964868	Low
25441539	Low
14970862	Low
33475534	Low
40665657	Low
14292893	Low
42031755	Low
5670836	Low,Low
8004685	Low
54283726	Low
27948354	Low
48690551	Low
5651880	Low
51707745	Low
49987604	Low
36169047	Low
4791701	Low
5106731	Low
43059820	Low
30458050	Low
40993197	Low
19838472	Low
5620779	Low
31249774	Low
40491129	Low
23439305	Low
47136046	Low
47304512	Low
14260153	Low
12596440	Low
6631791	Low
20854656	Low
20544610	Low
2678572	Low
9936538	Low
1201366	Low
44012300	Low
276257	Low
23514342	Low
50056220	Low
11725161	Low
7887567	Low
15862649	Low
54312136	Low
42614831	Low
4748161	Low
43300274	Low
47936094	Low
50736332	Low
12326	Low
7962104	Low
51444951	Low
26817561	Low
20388719	Low
23943084	Low
2417442	Low,Low
10159279	Low
19519453	Low
21530172	Low
4625592	Low
39240895	Low
1490708	Low
28394129	Low
25846156	Low
51255851	Low
46269193	Low
34244724	Low
24935808	Low
5589267	Low
43854234	Low
51478996	Low
4343978	Low
3695298	Low
24178591	Low
54325812	Low
28088794	Low
42810097	Low
46916832	Low
33110005	Low
29221604	Low
40655704	Low
30228183	Low
37915164	Low
20533810	Low
33996077	Low
1565373	Low
2148914	Low
4621609	Low
19832592	Low
9499831	Low
50695592	Low
14330227	Low
48811755	Low
49427993	Low
52549921	Low
33539656	Low
3586274	Low
18158109	Low
13536228	Low
53478793	Low
6831218	Low
21106348	Low
22625701	Low
40834554	Low
1991008	Low
7538869	Low
329529	Low
48675780	Low
21771620	Low
16891427	Low
8243661	Low
8120395	Low
40683731	Low
42636795	Low
50819593	Low
8504413	Low
18537010	Low
21878697	Low
13713418	Low
6070244	Low
6271133	Low
40911800	Low
20178200	Low
30033991	Low
8133887	Low
43686365	Low
46767608	Low
49712277	Low
19226737	Low
41595749	Low
39502960	Low
21218595	Low
14781568	Low
19572115	Low
40230749	Low
43550357	Low
20748289	Low
27699702	Low
36388219	Low
11665789	Low
25775868	Low
41523345	Low
48862943	Low
25640565	Low
48601624	Low
1877461	Low
27655202	Low
8271030	Low
48614936	Low
4406963	Low
46569767	Low
48573534	Low
47144455	Low
9747252	Low
20926622	Low
47664819	Low
10211142	Low
22922572	Low
47519634	Low
25574940	Low
2069691	Low
31632530	Low
26167002	Low
19387495	Low
31446685	Low
41742598	Low
7575461	Low
7339989	Low
25802924	Low
803343	Low
10700281	Low
38530392	Low
297810	Low
189427	Low
7999874	Low
25716149	Low
29414054	Low
36531469	Low
1724714	Low
8284028	Low
11314224	Low
2522902	Low
3387629	Low
20595594	Low
9907284	Low
22315772	Low
44979697	Low
8751221	Low
30231292	Low
28626102	Low
832283	Low
946346	Low
46634853	Low
1181334	Low,Low
48635822	Low
16048551	Low
13943840	Low
5301559	Low
48657566	Low
49174855	Low
53974347	Low
50737317	Low
38997723	Low
1040760	Low
39314166	Low
843942	Low
50650858	Low
21165292	Low
51154469	Low
43000725	Low
44728842	Low
1782185	Low
18490813	Low
1357104	Low
12057485	Low
47768732	Low
2386316	Low
34185241	Low
5378173	Low
26232656	Low
29696397	Low
2460085	Low
19455844	Low
49657789	Low
33626107	Low
31994720	Low
46229616	Low
29005007	Low
33933038	Low
25710255	Low
30725471	Low
40656446	Low
32028621	Low
31993592	Low
37466413	Low
29357010	Low
51673841	Low
49594175	Low
8400694	Low
25145019	Low
40178462	Low
26867951	Low
44566906	Low
52975	Low
1845551	Low
13833550	Low
3480803	Low
36986227	Low
2354850	Low
25313215	Low,Low
319759	Low
29250745	Low
53014142	Low
13973283	Low
78209	Low
29776512	Low,Low
14077218	Low,Low
38065136	Low
8707043	Low
2766858	Low
48166643	Low
5768301	Low
50159934	Low
40505749	Low
39728492	Low
5613921	Low
3342120	Low
47145470	Low
23174077	Low
37034694	Low
14220695	Low
36030581	Low
153614	Low
47480312	Low
24678712	Low
22034281	Low
4987622	Low
41431986	Low
1515846	Low
6483780	Low
611043	Low
36171685	Low
18964133	Low
1521191	Low
3805125	Low
12153094	Low
26008836	Low
20940169	Low
51036656	Low
2442979	Low
5090829	Low
44717628	Low
3247173	Low
6900678	Low
29957362	Low
15990511	Low
38708572	Low
25205024	Low
49520333	Low,Low
14956185	Low
28333573	Low
47609603	Low
47718546	Low
53233202	Low
39239087	Low
32934710	Low
37978825	Low
29641123	Low
20889582	Low
23864436	Low
29341520	Low
16877097	Low
1432796	Low
4411538	Low
29863187	Low
49100592	Low
44846999	Low
11750222	Low
4560156	Low
25232737	Low
1494216	Low
2362114	Low
39587677	Low
884439	Low
311822	Low,Low
876239	Low
32960259	Low
30176398	Low
33436039	Low
30268189	Low
37018599	Low
3994039	Low
16360566	Low
21268960	Low
732598	Low
31906898	Low
39117411	Low
47606169	Low
1995935	Low
406188	Low
35981751	Low
7430201	Low
47246846	Low
48530679	Low
31481008	Low
22328975	Low
3985961	Low
3408731	Low,Low,Low
54292328	Low
37179186	Low
736705	Low
49923920	Low
25194472	Low
16318378	Low
49543056	Low
25214491	Low
45497278	Low
20951849	Low
20429762	Low
30607758	Low
7127584	Low
37930959	Low
49070058	Low
31381666	Low
47549940	Low
6338745	Low
17862603	Low
32029127	Low
42175033	Low
44950592	Low
28812	Low
28755089	Low
8331586	Low
3161236	Low
7015	Low
3576111	Low
654943	Low
1383826	Low
11914234	Low
20749149	Low
20286971	Low
1428265	Low
1697871	Low
1257241	Low
42626607	Low
53716984	Low
29696515	Low
51503293	Low
42287894	Low
15480528	Low
39081292	Low
49022491	Low
22266155	Low
6981164	Low
44730251	Low
52454169	Low
19799278	Low
49016268	Low
33766203	Low
9506	Low
51231640	Low
4658817	Low
18750001	Low
570856	Low
12234575	Low
53447564	Low
30961672	Low
51755836	Low
22184505	Low
7799708	Low
47153579	Low
22144546	Low
42429689	Low
5798781	Low
48752591	Low
24268990	Low
17921910	Low
2915521	Low
42711611	Low
35221492	Low
24939864	Low
18099491	Low
11066555	Low
33052622	Low
53340279	Low
27672990	Low
14435251	Low
4035929	Low
44417531	Low
40651261	Low
8334668	Low
36658996	Low
50286909	Low
39561500	Low
48563387	Low
4233219	Low
995835	Low
31282842	Low
6652823	Low
17991362	Low
21165220	Low
26398712	Low
21658605	Low
15495527	Low
26414368	Low
14480665	Low
25504383	Low
50048517	Low
40702205	Low
9529017	Low
32390300	Low
42929467	Low
7546656	Low
32340028	Low
21538923	Low
1705102	Low
199876	Low
32182678	Low
26169	Low
47042983	Low
4163101	Low
10096350	Low
17113239	Low
9598955	Low
54325506	Low
24710914	Low
5681214	Low
13781063	Low
50773349	Low
17830047	Low
36393511	Low
10873202	Low
26871735	Low
13826412	Low
732331	Low
23023593	Low
54340524	Low
40634362	Low
39155957	Low
5670187	Low
27636843	Low
30226209	Low
35985503	Low,Low
42794801	Low
22795725	Low
22145218	Low
1275059	Low
23931236	Low
48460275	Low
11842207	Low
18116679	Low
23174730	Low
49537891	Low
3346599	Low
2526415	Low
28260560	Low
2005758	Low,Low
10261069	Low
29749693	Low
44197690	Low
19809986	Low
27332606	Low
16345649	Low
21321545	Low
14242961	Low
81590	Low
14863943	Low
26778819	Low
28306543	Low
49028614	Low
33813152	Low
3369079	Low
39754074	Low
32469190	Low
50203	Low
45311815	Low
52203665	Low
7732653	Low
18369434	Low
17393646	Low
2924778	Low
16036458	Low
8530032	Low
18268330	Low
33833748	Low
33587031	Low
16178482	Low
31485641	Low
146339	Low
50117135	Low
40715071	Low
762320	Low
15084728	Low
8226219	Low
53507651	Low
11763512	Low
40907687	Low
43611769	Low
22824755	Low
40684271	Low
21614663	Low
51690277	Low
48644393	Low
36767209	Low
51421142	Low
43931676	Low
5582686	Low
28236582	Low
19730770	Low
38243398	Low
15102726	Low
49315102	Low
47924321	Low
40317041	Low
39449570	Low
43446181	Low
27425685	Low
14493726	Low
23453411	Low
43181396	Low
17545019	Low
30864104	Low
23664506	Low
37022301	Low
499007	Low
46576245	Low
17441569	Low
8188687	Low
35511830	Low
7494688	Low
22134459	Low
8421083	Low
34029697	Low
37412120	Low
22483071	Low
6598275	Low
2024825	Low
43050263	Low
12530267	Low,Low
9060044	Low
41976631	Low
48606643	Low
21436421	Low,Low
12001699	Low
5971314	Low
41893563	Low
28345319	Low
7350106	Low
4556296	Low
1655072	Low,Low,Low
24425401	Low
51716964	Low
10120049	Low
11025624	Low
21530176	Low
44848466	Low
25894745	Low
29653492	Low
49847736	Low
36171015	Low
47482448	Low
42328075	Low
1765594	Low
42601208	Low
43464880	Low
708836	Low
39137681	Low
31472714	Low
28674061	Low
43943761	Low
20123843	Low
1144748	Low
2296609	Low
48374149	Low
8372270	Low
25294313	Low
49290674	Low
48798605	Low
29593907	Low
1880461	Low
20982963	Low
31348123	Low
38203967	Low
22018389	Low
4211667	Low
1526006	Low
1446750	Low
24206617	Low
53861145	Low
25378106	Low
22549248	Low
42604995	Low
747524	Low
2862940	Low
46845030	Low
3568431	Low
49362175	Low
38762233	Low
44952055	Low
16648830	Low
54340251	Low
41728495	Low
2189888	Low
22390137	Low
21642596	Low
15353253	Low
9695	Low
1203837	Low
48904962	Low
25576364	Low
42567394	Low
15241551	Low
50967438	Low
45531278	Low
2314361	Low
47684981	Low
146296	Low
49544824	Low
1308402	Low
36869911	Low
31963376	Low
1490789	Low
24859101	Low
45298147	Low
4829979	Low
1061559	Low
9977331	Low
13921746	Low
5062012	Low
41224952	Low
24232346	Low
29202733	Low
54331608	Low
179495	Low
16218033	Low
30533979	Low
3014442	Low
44348393	Low
17408519	Low
10543241	Low
6154201	Low
4158051	Low
8896475	Low
47492569	Low
45310856	Low
419608	Low
53384565	Low
1762788	Low
17795606	Low
54237122	Low
9877928	Low
6768921	Low
19250559	Low
49737654	Low
1473403	Low
598704	Low
16822625	Low
51590638	Low
43423287	Low
33934040	Low
50648725	Low
2339269	Low
54328032	Low
6981310	Low
2583562	Low
12736041	Low
26422316	Low
4099034	Low
23757125	Low
40033936	Low
18310451	Low
1692429	Low,Low
40649454	Low
37134863	Low
52126308	Low
36142706	Low
26186138	Low
30644355	Low
22331950	Low
50887611	Low
24300559	Low
24088608	Low
50091048	Low
47072973	Low
19507400	Low
25647990	Low
41332793	Low
53767283	Low
54522	Low
41413038	Low
48865746	Low
2956967	Low
21181228	Low
50069366	Low
30469120	Low
38230144	Low
44763147	Low
33076987	Low
38041678	Low
48359563	Low
6700514	Low
15454478	Low
53691108	Low
30874304	Low
44855544	Low
14368178	Low
39068418	Low
3206280	Low
2596378	Low
7737114	Low
32604162	Low
7352472	Low
29919386	Low
42892595	Low
482938	Low
1820377	Low
10510486	Low
3705237	Low
184263	Low
17077434	Low
288100	Low
15033597	Low
40640608	Low
23573325	Low
2550244	Low
48485072	Low
23392984	Low
27682459	Low
26816061	Low
10847143	Low
33973022	Low
25977270	Low
18267953	Low
27339567	Low
25707172	Low
29319157	Low
21657888	Low
40922188	Low
25850972	Low
40208289	Low
45687277	Low
6243381	Low
20509953	Low
1799403	Low
50709689	Low
34958648	Low
43633275	Low
19134018	Low
5756595	Low
8873167	Low
44218294	Low
24029902	Low
44493003	Low
20712219	Low
617906	Low,Low
37944280	Low
10291235	Low
3433599	Low
51251268	Low
24074755	Low
26407578	Low
32021121	Low
27593808	Low
400115	Low
51501138	Low
30846397	Low
15985743	Low
22363378	Low
45378826	Low
39156670	Low
45029970	Low
19244479	Low
27579858	Low
41469833	Low
44893481	Low
36653573	Low
27536543	Low
18425497	Low
41949329	Low
43358805	Low
41918809	Low
20901989	Low
40688133	Low
47113930	Low
255404	Low
2415546	Low
40944807	Low
25782996	Low
45636105	Low
5239868	Low
37418156	Low
576400	Low
33713269	Low
33867700	Low
18353094	Low
39983936	Low
11799994	Low
47238690	Low
48499443	Low
37547526	Low
17925486	Low
50300518	Low
5305968	Low
51396512	Low
7496923	Low
17625193	Low
10668950	Low
977763	Low
1720832	Low
26332857	Low
30616247	Low
51478785	Low
51181175	Low
6885694	Low
27423301	Low
16907094	Low
12036730	Low
34628102	Low
40707523	Low
33814223	Low
6900703	Low
11773663	Low
32124769	Low
45566002	Low
5936152	Low
52226377	Low
19859613	Low
48442535	Low
41902898	Low
1012668	Low
1209851	Low
47334837	Low
7163566	Low
50729587	Low
32103133	Low
47149691	Low
1014461	Low
30858698	Low
53138263	Low
12593507	Low
27888998	Low
1262677	Low
8086087	Low
46312052	Low
39294179	Low
43523800	Low
47203893	Low
216615	Low
42463568	Low
9935185	Low
41287558	Low
50899434	Low
4073739	Low
2796663	Low
29687704	Low
4979800	Low
43428590	Low
3590247	Low
50458434	Low
933467	Low
27442254	Low
44122510	Low
42369250	Low
13446221	Low
18117685	Low
51729549	Low
52471258	Low
24859180	Low
41332381	Low
31079986	Low
49289974	Low
39520402	Low
1313984	Low
33253613	Low
14210361	Low
31177788	Low
3864374	Low
46290215	Low
23068365	Low
30474166	Low
9788726	Low
24300979	Low
5585159	Low
47043958	Low
11751480	Low
701614	Low
11998141	Low
41061164	Low
17183797	Low
33002493	Low
23010	Low
1873452	Low
2394191	Low
18226038	Low
23676715	Low
49249487	Low
40945261	Low
19794766	Low
2386589	Low
42707401	Low
28302190	Low
1697978	Low
37960872	Low
4242720	Low
389738	Low
44465761	Low
47928617	Low
23459817	Low
309334	Low
20783063	Low
21210183	Low
6661580	Low
22524398	Low
2810990	Low
24598800	Low
24213379	Low
35168634	Low
52322941	Low
8738380	Low
22406937	Low
44877312	Low
11417277	Low
28677518	Low
29174826	Low
2109872	Low
3477600	Low
23876281	Low
25754552	Low
1393169	Low
28823948	Low
633934	Low
35701429	Low
1136569	Low
51700575	Low
31358283	Low
39100385	Low
45037029	Low
145242	Low
40007123	Low
27565731	Low
44611351	Low
24579006	Low
773611	Low
2938054	Low
18503210	Low
4559221	Low
25457664	Low
31902975	Low
1707966	Low
43331661	Low
1229596	Low
45218853	Low
8648487	Low
21133893	Low
2570405	Low
25804265	Low
3839699	Low
44991781	Low
3618747	Low
17827255	Low
42509135	Low
1920065	Low
47356497	Low
7207263	Low
35735460	Low
25401126	Low
19798460	Low
33692805	Low
431259	Low
42526861	Low
43766941	Low
24432532	Low
11469564	Low
14152914	Low
2374313	Low
2742905	Low
36498910	Low
9595600	Low
22638211	Low
30937677	Low
51599406	Low
29526590	Low
49590010	Low
4830420	Low
25556577	Low
42872312	Low
22676179	Low
50454040	Low
18351374	Low
1607182	Low
7647935	Low
28924009	Low
48793343	Low
15487	Low
38288400	Low
757887	Low
18351466	Low
27571082	Low
33565282	Low
545766	Low
31193215	Low
13041409	Low
44523992	Low
24614656	Low
23514268	Low
48705315	Low
6727280	Low
23202387	Low
1311462	Low
1493836	Low
42248737	Low
44858341	Low
28377377	Low
34127725	Low
26039419	Low
44245932	Low
2426527	Low
34752609	Low
43620180	Low
35168597	Low
9995916	Low
29436604	Low
44764401	Low
46365929	Low
11870628	Low
16054301	Low
36835925	Low
33247842	Low
28650145	Low
8143520	Low
23784911	Low
2107972	Low
30863905	Low
26974631	Low
38732065	Low
6201993	Low
29698653	Low
21455021	Low
51330889	Low
35262202	Low
50445472	Low
6894845	Low
45482769	Low
7320472	Low
27916661	Low
43124618	Low
20684931	Low
1489923	Low
14382926	Low
880980	Low
2688006	Low
6733298	Low
21263479	Low
75516	Low
32190858	Low
40944044	Low
46222532	Low
29498846	Low
39117056	Low
45162916	Low
21419217	Low
43657340	Low
29180268	Low
38443718	Low
50152655	Low
43813967	Low
52917935	Low
21530161	Low
15162439	Low
37145108	Low
8983449	Low
3433609	Low
27508695	Low
2948442	Low
53082842	Low
4763896	Low
21164994	Low
574479	Low
10163545	Low
6371895	Low
41113145	Low
28274684	Low
26518826	Low
6668105	Low
49491280	Low
1928939	Low
32757611	Low
17740	Low
23453483	Low
26473428	Low
6900764	Low
8803445	Low
482990	Low
2030588	Low
40895722	Low
7630941	Low,Low
6242003	Low
48437271	Low
18053246	Low
564699	Low
1490582	Low
25820119	Low
28565706	Low
156760	Low
37234529	Low
26568180	Low
1558989	Low
37663300	Low
34345090	Low
25880644	Low
42038684	Low
42621551	Low
4144577	Low
1217100	Low
24548800	Low
1466246	Low
44454397	Low
1548996	Low
19789956	Low
48677583	Low
48609959	Low
5541564	Low
34162129	Low
2954499	Low
9153190	Low
41964149	Low
43941615	Low
26325989	Low
30097027	Low
25110510	Low
35305564	Low
47144891	Low
17251393	Low
11722133	Low
6773096	Low
42065925	Low
769169	Low
8498300	Low
42827350	Low
37266154	Low
12024364	Low
29012978	Low
30107045	Low
41060725	Low
41023291	Low
1705064	Low
531365	Low
46504581	Low
2376546	Low
42636104	Low
25687784	Low
15535387	Low
4477551	Low
35856378	Low
32415059	Low
20531461	Low
14033936	Low
6644561	Low
46249788	Low
5617513	Low
7804853	Low
19025629	Low
25347088	Low
51778889	Low
34072009	Low
25760497	Low
41706076	Low
11605060	Low
20857443	Low
35973708	Low
38624912	Low
6922728	Low
25788692	Low
48644344	Low
8627136	Low
42695514	Low
27392607	Low
20932260	Low
5354062	Low
44291363	Low
29751145	Low
27963735	Low
49083835	Low
44881908	Low
28707224	Low
40361754	Low
25817572	Low
46584644	Low
21686689	Low
11446084	Low
31999673	Low
29920154	Low
38509057	Low
6150169	Low
43056338	Low
36279127	Low
11297976	Low
15172208	Low
44315171	Low
51016820	Low
33842486	Low
31738574	Low
30942606	Low
6900616	Low
20363307	Low
28957718	Low
45489370	Low
21599342	Low
1892510	Low
52099421	Low
33859316	Low
25788786	Low
9052762	Low,Low
34249574	Low
39501949	Low
12385964	Low
12141038	Low
7636224	Low
1459367	Low
25949391	Low
5640533	Low
6900474	Low
17413974	Low
25349394	Low
48797101	Low
15445962	Low
22092879	Low
8576180	Low
1056506	Low
28348825	Low
8750867	Low
14007581	Low
46209436	Low
7927678	Low
16036651	Low
4601789	Low
37182627	Low
12301986	Low
22737527	Low
28377037	Low
24509179	Low
51496699	Low
26690948	Low
8878908	Low
36705259	Low
13950875	Low
1071047	Low
1332079	Low
31555213	Low
45661991	Low
27562264	Low
24731602	Low
25968926	Low
52832283	Low
2114223	Low,Low
12183534	Low
54283998	Low
23312172	Low
33497234	Low
53577704	Low
54211370	Low
7432329	Low
21415253	Low
21850458	Low
3006928	Low
24588832	Low
50019987	Low
39599472	Low
4877434	Low
4461214	Low
20314244	Low
29021801	Low
5620268	Low
10236905	Low
48462763	Low
21606890	Low
39924976	Low
9793651	Low
49894565	Low
1113299	Low
24737518	Low
20269413	Low
24723562	Low
16738560	Low
49612382	Low
1492381	Low
21005886	Low
47786700	Low
41622061	Low
3633939	Low
47371108	Low
63708	Low
4171859	Low
26681435	Low
2123157	Low
21595970	Low
9045089	Low
29601359	Low
45661886	Low
27436574	Low
2071099	Low
8655452	Low
33891099	Low
43699173	Low
1741698	Low,Low
44597666	Low
15250286	Low
40945951	Low
41192461	Low
40907921	Low
41972925	Low
26854259	Low
4720897	Low
54087958	Low
23372961	Low
45356351	Low
26672969	Low
4151383	Low
4894572	Low
24583872	Low
49161220	Low
15131185	Low
44618363	Low
30716855	Low
44616231	Low
30512909	Low
47471359	Low
25950218	Low
16078907	Low
31561694	Low
53078298	Low
21752964	Low
34127664	Low
29425909	Low
34219394	Low
16902336	Low
2221365	Low
9668971	Low
13759972	Low
51067410	Low
6841548	Low
20898414	Low
54248672	Low
21317043	Low
6592256	Low
19589878	Low
53797435	Low
31741672	Low
15138004	Low
2255815	Low
22510333	Low
33766121	Low
22613748	Low
52877580	Low
2233967	Low
29452016	Low
44188793	Low
17347311	Low
4439377	Low
7522282	Low
7654662	Low
13990936	Low
6879610	Low
50029853	Low
48707885	Low
26017769	Low
24206233	Low
1629419	Low
49663995	Low
30786098	Low
45493759	Low
12743895	Low
52398997	Low
52320935	Low
7990184	Low
22208984	Low
1146385	Low
5904624	Low
47435089	Low
24211987	Low
13650454	Low
47180406	Low
49250054	Low
23838382	Low
25596183	Low
23568467	Low
48454273	Low
17651733	Low,Low
27260630	Low
6757393	Low
44749834	Low
2413418	Low
554368	Low
44891284	Low
11787118	Low
42777405	Low
33921157	Low
240174	Low
7505683	Low
34005650	Low
18383002	Low
14479631	Low
30139268	Low
6170655	Low
43303883	Low
23317162	Low
18951185	Low
726855	Low
25922191	Low
46703842	Low
1491909	Low
44161773	Low
46791893	Low
32684036	Low
49201734	Low
51444941	Low
24133389	Low
10348666	Low
33517932	Low
47526484	Low
37131164	Low
31526932	Low
37166037	Low
35582069	Low
7363390	Low
6961183	Low
574482	Low
12248525	Low
35933970	Low
2239559	Low
17863991	Low
1598766	Low
40716230	Low
25879179	Low
53037751	Low
42141388	Low
47613099	Low
5613770	Low
32345607	Low
43852969	Low
1799104	Low
28165121	Low
18620895	Low
13687563	Low
43681508	Low
33537865	Low
12230979	Low
11053984	Low
15505377	Low
42673756	Low
2077506	Low
34249212	Low
10192928	Low
48555752	Low
52695538	Low
10570379	Low
2201439	Low
89452	Low
44542154	Low
40120403	Low
8048621	Low
46452403	Low
40948580	Low
3548031	Low
54077276	Low
6342698	Low
25182989	Low
42482977	Low
16721485	Low
26353918	Low
20964019	Low
47430102	Low
33624741	Low
14204213	Low
14467384	Low
17694352	Low
3565825	Low
49418004	Low
17649328	Low
34588130	Low
39327955	Low
40817032	Low
17017542	Low
32184810	Low
25817320	Low
6208892	Low
6043942	Low
14426206	Low
48548623	Low
12568781	Low
12596772	Low
26990831	Low
23871584	Low
13529586	Low
1340932	Low
51850313	Low
40191179	Low
4530019	Low
27824553	Low
11034507	Low
204635	Low
12961920	Low
31347277	Low
45592614	Low
41898865	Low
44188065	Low
1618140	Low
54027296	Low
43298775	Low
22167016	Low
3610413	Low
45109966	Low
16196871	Low
31272598	Low
3568045	Low
17686744	Low
6411981	Low
52785235	Low
18620195	Low
18435914	Low
18293240	Low
24593125	Low
44629283	Low
33096210	Low
3619064	Low
4662671	Low
54106250	Low
49586527	Low
2073586	Low
13231371	Low
28522222	Low
22067432	Low
40230669	Low
564370	Low
31213310	Low
16310509	Low
41684292	Low
2329154	Low
41058226	Low
14233462	Low
33909406	Low
186234	Low
20956256	Low
7327506	Low
47448127	Low
31404955	Low
14470268	Low
46726675	Low
34756336	Low
45454803	Low
19517975	Low
21573352	Low
20447137	Low
40505866	Low
53998167	Low
27943609	Low
6132745	Low
38449797	Low
27721908	Low
22325285	Low
46311450	Low
26313045	Low
3828482	Low
27090213	Low
2185288	Low
21006524	Low
41130691	Low
2804240	Low
41402161	Low
12557934	Low
46189583	Low
23273788	Low
17841657	Low
30844390	Low
51440915	Low
31988954	Low
10895698	Low
32993719	Low
2148353	Low
33666962	Low
6324689	Low
36825949	Low
36861321	Low
48868363	Low
42402865	Low
45664876	Low
220379	Low
5652902	Low
34819428	Low
21344003	Low
16051819	Low
36531506	Low
866902	Low,Low
46363976	Low
26214502	Low
13194615	Low
47129215	Low
4831143	Low
48058897	Low
5741433	Low,Low
29650880	Low
41291393	Low
5608793	Low
46511879	Low
1178349	Low
15869409	Low
26091254	Low
49550995	Low
5564920	Low
5588049	Low
39647381	Low
49004390	Low
6132154	Low
52167363	Low
40707879	Low
1991054	Low
2888120	Low
44423359	Low
11568788	Low
31201623	Low
4028477	Low
48259696	Low
26297992	Low
40005924	Low
37124276	Low
23263758	Low
45654992	Low
16885403	Low
3003256	Low
23998214	Low
13314337	Low
12549253	Low
30784455	Low
44519328	Low
6803936	Low
14069461	Low
23641394	Low
2172964	Low
3421369	Low
82374	Low,Low
40911741	Low
10678092	Low
18554347	Low
18343559	Low
7393456	Low
7901325	Low
13532	Low
28059262	Low
50824139	Low
4890955	Low
1892156	Low
46810902	Low
42007235	Low
32002131	Low
46444043	Low
23358105	Low
37780727	Low
3567667	Low
9650243	Low
9109793	Low
22983063	Low
44847555	Low
44914381	Low
38532815	Low
5115259	Low
36287931	Low
1131595	Low
11523493	Low
1442200	Low
39456124	Low
22459903	Low
28235674	Low
45421090	Low
7827323	Low
52692518	Low
5098067	Low
40643204	Low
40272454	Low
1546447	Low
45663222	Low
10912124	Low
24975442	Low
11423437	Low
898745	Low
51324772	Low
29658040	Low
41307472	Low
1532239	Low
37244641	Low
30078841	Low
37496074	Low
18796231	Low
29303140	Low
795288	Low
44657478	Low
1627281	Low
39548719	Low
16285	Low
41649996	Low
3048815	Low
49272037	Low
36522450	Low
4408830	Low
27668090	Low
7986129	Low
39838847	Low
37055668	Low
14142411	Low
24859580	Low
24505176	Low
26322858	Low
35177720	Low
48393870	Low
1557626	Low
37422548	Low
3146221	Low
45410635	Low
37793250	Low
20123295	Low
1358769	Low
3462395	Low
33753745	Low
16462572	Low
9261739	Low
37478262	Low
21284553	Low
6930481	Low
16390	Low
978557	Low
29436184	Low
31112476	Low
43113590	Low
3963210	Low
42521203	Low
317065	Low
19720176	Low
5183539	Low
6967815	Low
1952193	Low
40658347	Low
23175134	Low
46588088	Low
26223271	Low
48636186	Low
50668782	Low
4509672	Low
31488259	Low
46515840	Low
47674700	Low
10527549	Low
21116154	Low
3208179	Low
12621586	Low
6116152	Low
24035681	Low
29564076	Low
14229246	Low
45281692	Low
33800331	Low
44199530	Low
4585037	Low
42123240	Low
7635760	Low
2029298	Low
157799	Low
21688992	Low
2885840	Low
21165080	Low
1427736	Low
3315964	Low
38843252	Low
26057236	Low
6379225	Low
50774065	Low
10076885	Low
22827902	Low
21915537	Low
33934373	Low
47026553	Low
48689620	Low
30025172	Low
1490700	Low
42030825	Low
23178270	Low
21272547	Low
649859	Low
25100049	Low
1659951	Low
31774747	Low
28300566	Low
4695759	Low
38462391	Low
36488746	Low
40431535	Low
8500993	Low
32821995	Low
42811300	Low
33574115	Low
46720258	Low
30553400	Low
40790423	Low
28067732	Low
28324853	Low
17434002	Low
20047261	Low
30455639	Low
39385457	Low
1536547	Low
24374721	Low
21939917	Low
7465735	Low
22740717	Low
36317063	Low
1037610	Low
1395068	Low
12981581	Low
19360289	Low
42056156	Low
13041567	Low
8425187	Low
48533312	Low
24011981	Low
33923097	Low
40626926	Low
877606	Low
41737443	Low
1919470	Low
43401104	Low
48462181	Low
53467479	Low
1705096	Low
160138	Low
39529894	Low
46305071	Low
3317354	Low
40951623	Low
51822304	Low
27580040	Low
310247	Low
35276685	Low
22303277	Low
37252920	Low
25534257	Low
18744192	Low
44596583	Low
2725472	Low
19391193	Low
52134989	Low
1937	Low
51514703	Low
29591161	Low
11644327	Low
334687	Low
36409673	Low
2685621	Low
543434	Low
34738348	Low
8966774	Low
5443680	Low
49439009	Low
39314651	Low
3089561	Low
1707982	Low
34857901	Low
42294343	Low
47765060	Low
30029161	Low
43956405	Low
24770097	Low
25808848	Low
40102721	Low
32733058	Low
48440527	Low,Low
5317583	Low
4919201	Low
3172801	Low
50979119	Low
670910	Low
40742053	Low
1338	Low
7994324	Low
17221081	Low
48539716	Low
16454759	Low
51692970	Low
49921488	Low
12436974	Low
2334473	Low
15582927	Low
1804872	Low,Low
27003814	Low
27395703	Low
47102391	Low
21095056	Low
4975746	Low
33836027	Low
30078846	Low
21920652	Low
47444682	Low
41096286	Low
299145	Low
4308503	Low
2432238	Low
47130477	Low
27209404	Low
16974320	Low
47654532	Low
38738281	Low
5312063	Low
40949300	Low
24288401	Low
28181251	Low
31184513	Low
53380640	Low
40897600	Low
40724803	Low
1020336	Low
18767772	Low
23873813	Low
49349274	Low
1048371	Low
11589545	Low
46218821	Low
10212557	Low
16887439	Low
11787268	Low
38973236	Low
34567920	Low
17270704	Low
42468585	Low
45497485	Low
8485043	Low
4276048	Low
26237357	Low
52527423	Low
9038883	Low
39277784	Low
32175531	Low
21451022	Low
33924987	Low
45396229	Low
44870654	Low
23227865	Low
33776114	Low
22704497	Low
40426211	Low
145461	Low
46387850	Low
43524257	Low
20784255	Low
25869096	Low
22306799	Low
18513904	Low
33624973	Low
11948970	Low
9404114	Low
38744553	Low
17301931	Low
45586787	Low
24901717	Low
10680460	Low
48322052	Low
16245774	Low
34358466	Low
40300979	Low
46896553	Low
45293651	Low
1398801	Low
36488683	Low
30624130	Low
47700292	Low
35958818	Low
46564586	Low
4547004	Low
6041572	Low
49597766	Low
36013687	Low
20529621	Low
1143774	Low
2470622	Low
45547804	Low
32744066	Low
1328681	Low
47340932	Low
3295432	Low
22945040	Low
10395168	Low
27479735	Low
698042	Low
13478453	Low
237721	Low
41627354	Low
5352850	Low
26127457	Low
35369494	Low
9543863	Low
49607324	Low
47123505	Low
33932604	Low
30842479	Low
40348869	Low
31740086	Low
4873434	Low
36283715	Low
29141064	Low
28000894	Low
39247417	Low
25064040	Low
21758601	Low
10756330	Low
47157454	Low
33775482	Low
20784518	Low
740590	Low
18817011	Low
3627921	Low
40588633	Low
31934094	Low
33934284	Low
5569142	Low
18352965	Low
47218821	Low
7622022	Low
15528994	Low
50145306	Low
1802608	Low
32599734	Low
25819575	Low
44689110	Low
24848067	Low
25126666	Low
22975986	Low
45376274	Low
29886850	Low
3106745	Low
31502173	Low
24488390	Low
23720667	Low
44955534	Low
2699428	Low
13985162	Low
35074648	Low
44265974	Low
48508397	Low
9803712	Low
18645101	Low
49628195	Low
40657956	Low
27375197	Low
41411483	Low
48617066	Low
42238339	Low
40129105	Low
39082176	Low
52831255	Low
32340176	Low
14791714	Low
36095296	Low
5835751	Low
51263333	Low
29475063	Low
32165548	Low,Low
11110672	Low
19389061	Low
48594	Low
24121770	Low
19325042	Low
47862628	Low
32959596	Low
40861040	Low
477362	Low,Low,Low
28377274	Low
47317998	Low
39355349	Low
35605639	Low
50141806	Low
12290176	Low
30267923	Low
1792801	Low
1490631	Low
33951897	Low
51493843	Low
2491703	Low
37043077	Low
22527296	Low
40942921	Low
43195471	Low
23486603	Low
46508049	Low
35228875	Low
3527234	Low
33176223	Low
16408322	Low
29229463	Low
1490533	Low
23814123	Low
31646702	Low
5257810	Low
24586397	Low
30312357	Low
5680149	Low
48983639	Low
49031610	Low
24447824	Low
42763530	Low
15927052	Low
8838259	Low
17192084	Low
13676100	Low
37450239	Low
44962573	Low
44596297	Low
32333286	Low
47814080	Low
18351304	Low
47403613	Low
26999215	Low
4162119	Low
52011435	Low
1441150	Low
1526995	Low
40759427	Low
46210785	Low
40944395	Low
5899865	Low
45620631	Low
4097057	Low
41259084	Low
4321274	Low
1042977	Low
20258930	Low
2113994	Low
4783223	Low,Low
46747816	Low
45342152	Low
1465201	Low
15673410	Low
21164844	Low
11599999	Low
11848019	Low
26920734	Low
33361616	Low
44961272	Low
28239258	Low
19336147	Low
22882253	Low
33924661	Low
49153609	Low
9879649	Low
48680750	Low
34434607	Low
11799027	Low
8147900	Low
14185420	Low
149307	Low
3174935	Low
30100845	Low
44924675	Low
30948537	Low
42646575	Low
3839450	Low
33892257	Low
44847134	Low
33206681	Low
15126136	Low
44846014	Low
18079	Low
52488668	Low
16137774	Low
1544352	Low
3776890	Low
27099678	Low
4590643	Low
28842535	Low
5936826	Low
13758651	Low
9445790	Low
8215722	Low
40715324	Low
6842513	Low
32185532	Low
40907904	Low
53138679	Low
4563328	Low
27973909	Low
18123971	Low
49617071	Low
25166657	Low
54095444	Low
20535204	Low
19516574	Low
16880262	Low
1097142	Low
48248660	Low
6874649	Low
10432399	Low
43809229	Low
1848030	Low
2319582	Low
16010383	Low
49890530	Low
21688756	Low
4821140	Low
38520556	Low
2947277	Low
44947461	Low
6830810	Low
24822158	Low
7091453	Low
11992341	Low
53353083	Low
12848644	Low
15486329	Low
50770507	Low
52517817	Low
10862574	Low
30667822	Low
1605854	Low
41185147	Low
45050548	Low
1284891	Low
86651	Low
53091957	Low
23606618	Low
27377438	Low
10780077	Low
26117502	Low
82011	Low
42754318	Low
34191874	Low
39304531	Low
40380266	Low
50362480	Low
48258116	Low
3152092	Low
1238129	Low
41888339	Low
24293307	Low
29614643	Low
7715420	Low
17435222	Low
5308376	Low
2887498	Low
35923182	Low
23667381	Low
8617996	Low
15497629	Low
25688119	Low
29657648	Low
48313030	Low
9075014	Low
5650682	Low
2208491	Low
51959628	Low
39507841	Low
20683275	Low
34747914	Low
31746091	Low
43581954	Low
18556863	Low
15330348	Low
9817435	Low
2116834	Low
4826709	Low
49092133	Low
6318087	Low
50568831	Low
40904184	Low
34790743	Low
47390583	Low
13107311	Low
13937243	Low
34227030	Low
47153992	Low
43586540	Low
50045759	Low
33337784	Low
28723408	Low
339885	Low
23607873	Low
27452641	Low
675172	Low
33434772	Low
26827719	Low
9388513	Low
40730907	Low
27582066	Low
46711609	Low
1631304	Low
50637325	Low
10431819	Low
19378146	Low
4347651	Low
43639934	Low
43996320	Low
7268626	Low
22576811	Low
15255346	Low
13398124	Low
5923227	Low
666082	Low
3245700	Low
1520220	Low
45414487	Low
46759428	Low
4343866	Low
11881804	Low
48471265	Low
1706465	Low
1774853	Low
39014798	Low
3753964	Low
14354085	Low
13861372	Low
16368450	Low
20193506	Low
5722046	Low
24739580	Low
7590178	Low
52101228	Low
17147987	Low
28573268	Low
33317302	Low
54339996	Low
15752594	Low
50013652	Low
28989652	Low
12274792	Low
18352701	Low
36326677	Low
17786078	Low
36601010	Low
966027	Low
11020789	Low
34987063	Low
1496674	Low
2168708	Low
29972791	Low
34375862	Low
25005953	Low
43664018	Low
32825021	Low
36387288	Low
6033135	Low
2582871	Low
18208306	Low
853456	Low
12199228	Low
44714358	Low
28075700	Low
44286728	Low
21618985	Low
807207	Low
5679414	Low
24543981	Low
25977589	Low
15455702	Low
20213524	Low
32439781	Low
6730884	Low
1487987	Low
36936362	Low
237641	Low
12894641	Low
8166471	Low
32802553	Low
19893937	Low
49227150	Low
2878302	Low
29738968	Low
17003003	Low
46664241	Low
29253287	Low
21866851	Low
41674941	Low
13486	Low
12460103	Low
46192180	Low
37369391	Low
54237524	Low
1696685	Low
9654047	Low
2646163	Low
1521029	Low
6914089	Low
39613026	Low
25448895	Low
1877646	Low
13442491	Low
1039156	Low
1697292	Low
33222575	Low
36700533	Low
52835805	Low
4169183	Low
47229060	Low
20894114	Low
42629556	Low
19335994	Low
41581980	Low
6745934	Low
7711074	Low
53667518	Low
28785299	Low
51410620	Low
250256	Low
7514646	Low
45222539	Low
23765379	Low
43563351	Low
23396327	Low
24365639	Low
48458987	Low
21621046	Low
41791425	Low
47787377	Low
10208356	Low,Low
15639937	Low
35132469	Low
6871283	Low
22224340	Low
28682749	Low
16882831	Low
4439485	Low
33842849	Low
10686161	Low
52254303	Low
38136179	Low
29181188	Low
2566071	Low
17794679	Low
22510089	Low
234876	Low
5253119	Low
37682983	Low
23188603	Low
769462	Low
37708900	Low
3712075	Low
44858624	Low
28666755	Low
44951333	Low
4829037	Low
1699453	Low
7900190	Low
44934251	Low
49030783	Low
32795300	Low
14257191	Low
1490695	Low
48537205	Low
31060349	Low
4812660	Low
6115440	Low
1227250	Low
46198586	Low
49352515	Low
398546	Low
2588455	Low
1046233	Low
1562923	Low
30073120	Low
48823080	Low
38586943	Low
34078133	Low
47837423	Low
14836728	Low
27489120	Low
35701470	Low
3510108	Low
18831185	Low
9285568	Low
15563071	Low
35913480	Low
51305148	Low
20672430	Low
39253484	Low
500932	Low
48645859	Low
27703303	Low
23613868	Low
12392800	Low
48711382	Low
27366854	Low
43976143	Low
1489428	Low
28959239	Low
39366185	Low
8751417	Low
35507143	Low
26417941	Low
10406417	Low
34271374	Low
17690063	Low
1278609	Low
14323042	Low
24397074	Low
32171275	Low
49187909	Low
21153475	Low
21530181	Low
24190397	Low
7429141	Low
647962	Low
150291	Low
39336090	Low
24124071	Low
37028600	Low
22306120	Low
27808343	Low
475093	Low
8058224	Low
26482252	Low
28301975	Low
40638857	Low
17367372	Low
2488759	Low
20782791	Low
9964975	Low
26565526	Low
24595882	Low
34583120	Low
3280749	Low
5362687	Low
54284864	Low
5066556	Low
39983479	Low
45348181	Low
43875586	Low
41250431	Low
51505219	Low
27310981	Low
102958	Low
31324043	Low
29636468	Low
23067926	Low
23892791	Low
39410106	Low
34158629	Low
26490287	Low
6778838	Low
13825626	Low
44586273	Low
1996819	Low
22675731	Low
8684470	Low
35917520	Low
30957155	Low
8293569	Low
7317906	Low
48917069	Low
3898058	Low
46639932	Low
859943	Low
47060508	Low
7871491	Low
21538797	Low
34648970	Low
53201693	Low
2838630	Low
234329	Low
46635821	Low
37764128	Low
323121	Low
48068300	Low
38761279	Low
14199151	Low
23890429	Low
36303858	Low
24149655	Low
10407166	Low
40364097	Low
23755656	Low
21452301	Low
5149701	Low
44231733	Low
3094362	Low
43274835	Low
5706036	Low
32443109	Low
22177657	Low
36703665	Low
49979699	Low
31164276	Low
37325445	Low
15764737	Low
33647067	Low
18816811	Low
7205603	Low
13806106	Low
36466448	Low
9624797	Low,Low,Low
9778067	Low
26184631	Low
5801632	Low
27180589	Low
25693498	Low
34765099	Low
4189744	Low
36114211	Low
9634260	Low
11973479	Low
1559659	Low
27070449	Low
9137713	Low
47938661	Low
11515222	Low
26906472	Low
3038209	Low
21345254	Low
29302019	Low
1186538	Low
47202015	Low
189622	Low
47008607	Low
4719103	Low
21530184	Low
20531457	Low
44329444	Low
24374709	Low,Low
45253092	Low
49644336	Low
36519470	Low
13952740	Low
23958159	Low
4578913	Low
1237680	Low
2099690	Low
24872654	Low
3561109	Low
37033909	Low
40160952	Low
3818880	Low
12593166	Low
24503335	Low
3530453	Low
43223093	Low
33925779	Low
15314001	Low
54292569	Low
51221730	Low
54248987	Low
33843588	Low
25100861	Low
6095418	Low
1124766	Low
33028920	Low
32779888	Low
41076515	Low
23156827	Low
50152206	Low
32764183	Low
26655253	Low
47738770	Low
51608212	Low
5133633	Low
19953040	Low
16458595	Low
35879671	Low
24311198	Low,Low
907554	Low
2293250	Low
6228984	Low
5613819	Low
14945341	Low
28322478	Low
7008474	Low
40660195	Low
2561458	Low
9630193	Low
18384983	Low
15227427	Low
19778771	Low
23229631	Low
6682436	Low
21550844	Low
30100025	Low
51044723	Low
40654332	Low
36791907	Low
47144638	Low
50330808	Low
27558288	Low
29258529	Low
27551820	Low
36393976	Low
2782509	Low
25785891	Low
52321318	Low
49972195	Low
16491377	Low
8839901	Low
34309634	Low
1934944	Low
13861749	Low
49975225	Low,Low
25807533	Low
32346337	Low
32743028	Low
26757659	Low
45232404	Low
47803945	Low
3300669	Low
44398316	Low
48658318	Low
44598054	Low
20913643	Low
48727095	Low
34938103	Low
3808154	Low
9249400	Low,Low
39736460	Low
1490721	Low
4167350	Low
3039514	Low
25846632	Low
24579668	Low
20726615	Low
4810942	Low
11981164	Low
51089183	Low
7556726	Low
3219726	Low
36451292	Low
22317252	Low
12166922	Low
18965054	Low
25865777	Low,Low
9365595	Low
699399	Low
18530048	Low
39587959	Low
33843368	Low
26306832	Low
2490912	Low,Low
25575431	Low
30481994	Low
30960610	Low
4332868	Low
5143219	Low
33903610	Low
1427239	Low
12146628	Low
31074812	Low
50643608	Low
4132583	Low
4651452	Low
1739722	Low
22613352	Low
9940132	Low
46997904	Low
146219	Low
37009853	Low
34520254	Low
37833519	Low
22619656	Low
48650324	Low
28159541	Low
5391644	Low
41221215	Low
745165	Low,Low
43622022	Low
28327487	Low
43290558	Low
14708746	Low
1659693	Low
42845413	Low
18346804	Low
21595421	Low
48579514	Low
42746621	Low
46894539	Low
28907585	Low
53555205	Low
25870157	Low
28718704	Low
1612723	Low
11270114	Low
42758135	Low
51528361	Low
7758528	Low,Low
32859677	Low
216657	Low
11844777	Low
144000	Low
48551603	Low
6908796	Low
19990546	Low
1999202	Low
12804044	Low
2309913	Low
4251406	Low
29764593	Low
10380390	Low
20885592	Low
21153166	Low
2074559	Low
34481317	Low
33765767	Low
45357390	Low
476765	Low
18168069	Low
49022312	Low
9078382	Low
25053854	Low
23981985	Low
22204744	Low
4815718	Low
23255183	Low
311840	Low
12496744	Low
541941	Low
40922270	Low
27149295	Low
53373854	Low
4127096	Low
902885	Low,Low
34229463	Low
1189871	Low
51538744	Low
18371848	Low
44087876	Low
37571278	Low
5628767	Low
41543391	Low
526804	Low
17234000	Low
39384387	Low
43232149	Low
2360645	Low
24200306	Low
23202663	Low
29363137	Low
2299336	Low
21536352	Low
45632318	Low
25867627	Low
45663366	Low
8515209	Low
5145289	Low
25242181	Low
8712279	Low
17545105	Low
8073227	Low
2680397	Low
8319794	Low
6071941	Low
22993231	Low
49163659	Low
2233246	Low
7681257	Low
33680836	Low
51512953	Low
1890864	Low
1895011	Low
40628129	Low
41957658	Low
3531195	Low
3452765	Low
50787634	Low
54327282	Low
12601386	Low
25656337	Low
11283953	Low
47828389	Low
24914518	Low
50361503	Low
44076295	Low
43824649	Low
32275866	Low
51067756	Low
32954389	Low
13396481	Low
52427089	Low
42250271	Low
32265258	Low
2636892	Low,Low
44551829	Low
2939687	Low
52453994	Low
40454866	Low
50008799	Low
5621587	Low
47741861	Low
14444573	Low
14658841	Low
25982869	Low
37077239	Low
25627081	Low
20199250	Low
26926858	Low
30461839	Low
9089784	Low
45426846	Low
45699814	Low
20700826	Low
29160181	Low
37646341	Low
1256522	Low,Low
34848600	Low
1444359	Low
140752	Low
25017634	Low
43027538	Low
18490611	Low
24608957	Low
3059149	Low
15491403	Low
6660155	Low
8050391	Low
45622953	Low
37384707	Low
4661038	Low
26725566	Low
52248380	Low
29127862	Low
41604556	Low
2133926	Low
37337072	Low
12391529	Low
48909659	Low
559025	Low
4294204	Low
19614271	Low
33189063	Low
20342780	Low
28684514	Low
29180773	Low
209681	Low
49170345	Low
14986977	Low
2204377	Low
11768541	Low
51880001	Low
20398284	Low
28983398	Low
33869247	Low
5875925	Low
701187	Low
3496938	Low
983692	Low
30699296	Low
48680632	Low
25389677	Low
45395886	Low
47341011	Low
30124478	Low
30583108	Low
49556855	Low
43520391	Low
46181379	Low
398738	Low
2060695	Low
22874833	Low
3006095	Low
48439992	Low
48397545	Low
3906591	Low
14200294	Low
10390237	Low
22774346	Low
37669197	Low
2934283	Low
8758949	Low
16161694	Low
47067793	Low
30579883	Low
75319	Low
1782066	Low
51333984	Low
51139450	Low
256696	Low
7145951	Low
32555995	Low
3556804	Low
36394673	Low
47739964	Low
12072801	Low
2380341	Low
26605056	Low
39152503	Low
15490575	Low
26743	Low
428773	Low
28660362	Low
1344337	Low
2922542	Low
3968778	Low
32891877	Low
21688398	Low
564669	Low
43155498	Low
26643100	Low
36024271	Low
50688339	Low
33776900	Low
2698762	Low
10960955	Low
5181239	Low
21125281	Low
52771773	Low
9514781	Low
51410699	Low
40469812	Low
19891426	Low
18761322	Low
27426661	Low
20428	Low
3997371	Low
202835	Low
6834598	Low
53997497	Low
3027728	Low
1491161	Low
17792367	Low
250728	Low
3818724	Low
37280779	Low
2846715	Low
33445982	Low
44131841	Low
33077779	Low
260899	Low
13447866	Low
1787509	Low
24811076	Low
670449	Low
38682385	Low
40679118	Low
581920	Low
33776354	Low
9031647	Low
45388635	Low
11016331	Low
42483461	Low
8802534	Low
38504216	Low
12228387	Low
5967598	Low
1956351	Low
6038692	Low
9765468	Low
40236069	Low
6207062	Low
13880728	Low
44023812	Low
46407432	Low
44161022	Low
17604330	Low
10424353	Low
24844384	Low
18694954	Low
49633248	Low
10126098	Low
36182697	Low
34724808	Low
39580229	Low
40479591	Low
41509704	Low
8655112	Low
31834623	Low
12017290	Low
13907097	Low
39176216	Low
37434829	Low
13305393	Low
33537445	Low
1355700	Low
19043743	Low
36287861	Low
822788	Low
45462166	Low
20440423	Low
49750551	Low
41115085	Low
13139361	Low
7723458	Low
34515215	Low
41364175	Low
3005034	Low
22408756	Low
18131025	Low
51489302	Low
32788867	Low
26192300	Low
28219920	Low
35900817	Low
54238389	Low
41627942	Low
54247283	Low
46780401	Low
9858426	Low
32002140	Low
22108533	Low
891357	Low
25020303	Low
40358039	Low
54240540	Low
52755432	Low
43401743	Low
27818037	Low
54021722	Low
31846785	Low
21319139	Low
19297332	Low
1372732	Low
32272414	Low
1789793	Low
38205403	Low
10957470	Low
35788376	Low
34046261	Low
33165192	Low
40666501	Low
21729622	Low
34965530	Low
20852099	Low
19161508	Low
12960413	Low
24200867	Low
5425661	Low
2074580	Low
13927060	Low
18508947	Low
8913807	Low
10743601	Low
3183678	Low
37047729	Low
6161291	Low
45333231	Low
48537669	Low
4620239	Low
20361676	Low
41431120	Low
27312321	Low
3280662	Low
45623873	Low
44840990	Low
6507997	Low,Low
24106864	Low,Low
23901748	Low
311019	Low
954225	Low
37955823	Low
20784788	Low
13664212	Low
430881	Low
46230911	Low
503193	Low
32190083	Low
35118886	Low
9351890	Low
49623014	Low
27305464	Low
1721935	Low
54291992	Low
919947	Low
44537742	Low
32581406	Low
3819137	Low
22686655	Low
70145	Low
337415	Low
563397	Low
34885152	Low
13737845	Low
32678096	Low
15630553	Low
13887090	Low
2836424	Low,Low
32446693	Low
17163431	Low
11691368	Low
1437913	Low
48643696	Low
52959237	Low
13620068	Low
42192145	Low
40879218	Low
7007426	Low
619311	Low
35117511	Low
265751	Low
3658544	Low
36922898	Low
31886907	Low
21008987	Low
152487	Low
4546732	Low
38784143	Low
3548899	Low
6647602	Low
12101218	Low
24922501	Low
25069046	Low
33933255	Low
52799903	Low
21226325	Low
41489293	Low
45552195	Low
13710211	Low
323973	Low
51219856	Low
1559597	Low
42262370	Low
39592145	Low
21027717	Low
18255731	Low
2260106	Low
27709741	Low
48645985	Low
644263	Low
23907499	Low
496995	Low
26232194	Low
30147946	Low
23311718	Low
2055702	Low
44488131	Low
23860294	Low
40783485	Low
54246543	Low
1013155	Low
6396686	Low
30461798	Low
21306891	Low
4391487	Low
34076527	Low
27108609	Low
8922671	Low
1504740	Low
51579343	Low
